{"v":"5.4.4","fr":25,"ip":0,"op":83,"w":1000,"h":1000,"nm":"CODE_version5","ddd":0,"assets":[],"layers":[{"ddd":0,"ind":1,"ty":4,"nm":"Merged Shape Layer","sr":1,"ks":{"o":{"a":0,"k":100,"ix":11},"r":{"a":1,"k":[{"i":{"x":[0.833],"y":[0.833]},"o":{"x":[0.167],"y":[0.167]},"t":0,"s":[-62],"e":[60]},{"t":105}],"ix":10},"p":{"a":0,"k":[501.448,500.896,0],"ix":2},"a":{"a":0,"k":[491.517,477.842,0],"ix":1},"s":{"a":0,"k":[100,100,100],"ix":6}},"ao":0,"shapes":[{"ty":"gr","it":[{"ty":"gr","it":[{"ind":0,"ty":"sh","ix":1,"ks":{"a":0,"k":{"i":[[-7.691,0.571],[-0.551,-7.702],[7.698,-0.561],[0.561,7.697]],"o":[[7.713,-0.536],[0.546,7.697],[-7.681,0.561],[-0.561,-7.687]],"v":[[-1.016,-13.963],[13.95,-1.027],[1.014,13.937],[-13.935,0.992]],"c":true},"ix":2},"nm":"Path 1","mn":"ADBE Vector Shape - Group","hd":false},{"ty":"fl","c":{"a":0,"k":[1,1,1,1],"ix":4},"o":{"a":0,"k":100,"ix":5},"r":1,"bm":0,"nm":"Fill 1","mn":"ADBE Vector Graphic - Fill","hd":false},{"ty":"tr","p":{"a":0,"k":[14.746,14.749],"ix":2},"a":{"a":0,"k":[0,0],"ix":1},"s":{"a":0,"k":[100,100],"ix":3},"r":{"a":0,"k":0,"ix":6},"o":{"a":0,"k":100,"ix":7},"sk":{"a":0,"k":0,"ix":4},"sa":{"a":0,"k":0,"ix":5},"nm":"Transform"}],"nm":"Group 1","np":2,"cix":2,"bm":0,"ix":1,"mn":"ADBE Vector Group","hd":false},{"ty":"tr","p":{"a":0,"k":[521.078,290.897],"ix":2},"a":{"a":0,"k":[0,0],"ix":1},"s":{"a":1,"k":[{"i":{"x":[0.062,0.062],"y":[1,1]},"o":{"x":[0.333,0.333],"y":[0,0]},"t":17,"s":[0,0],"e":[100,100]},{"i":{"x":[0.667,0.667],"y":[1,1]},"o":{"x":[0.975,0.975],"y":[0,0]},"t":49,"s":[100,100],"e":[0,0]},{"t":85}],"ix":3},"r":{"a":0,"k":-12.038,"ix":6},"o":{"a":0,"k":100,"ix":7},"sk":{"a":0,"k":0,"ix":4},"sa":{"a":0,"k":0,"ix":5},"nm":"Transform"}],"nm":"Layer 2 Outlines","np":1,"cix":2,"bm":0,"ix":1,"mn":"ADBE Vector Group","hd":false},{"ty":"gr","it":[{"ty":"gr","it":[{"ind":0,"ty":"sh","ix":1,"ks":{"a":0,"k":{"i":[[-9.068,0.678],[-0.657,-9.09],[9.07,-0.663],[0.643,9.075]],"o":[[9.079,-0.648],[0.653,9.073],[-9.084,0.658],[-0.668,-9.073]],"v":[[-1.199,-16.434],[16.434,-1.193],[1.198,16.424],[-16.419,1.193]],"c":true},"ix":2},"nm":"Path 1","mn":"ADBE Vector Shape - Group","hd":false},{"ty":"fl","c":{"a":0,"k":[1,1,1,1],"ix":4},"o":{"a":0,"k":100,"ix":5},"r":1,"bm":0,"nm":"Fill 1","mn":"ADBE Vector Graphic - Fill","hd":false},{"ty":"tr","p":{"a":0,"k":[17.337,17.332],"ix":2},"a":{"a":0,"k":[0,0],"ix":1},"s":{"a":0,"k":[100,100],"ix":3},"r":{"a":0,"k":0,"ix":6},"o":{"a":0,"k":100,"ix":7},"sk":{"a":0,"k":0,"ix":4},"sa":{"a":0,"k":0,"ix":5},"nm":"Transform"}],"nm":"Group 1","np":2,"cix":2,"bm":0,"ix":1,"mn":"ADBE Vector Group","hd":false},{"ty":"tr","p":{"a":0,"k":[479.627,267.015],"ix":2},"a":{"a":0,"k":[0,0],"ix":1},"s":{"a":1,"k":[{"i":{"x":[0.062,0.062],"y":[1,1]},"o":{"x":[0.333,0.333],"y":[0,0]},"t":16,"s":[0,0],"e":[100,100]},{"i":{"x":[0.667,0.667],"y":[1,1]},"o":{"x":[0.975,0.975],"y":[0,0]},"t":48,"s":[100,100],"e":[0,0]},{"t":84}],"ix":3},"r":{"a":0,"k":-12.038,"ix":6},"o":{"a":0,"k":100,"ix":7},"sk":{"a":0,"k":0,"ix":4},"sa":{"a":0,"k":0,"ix":5},"nm":"Transform"}],"nm":"Layer 3 Outlines","np":1,"cix":2,"bm":0,"ix":2,"mn":"ADBE Vector Group","hd":false},{"ty":"gr","it":[{"ty":"gr","it":[{"ind":0,"ty":"sh","ix":1,"ks":{"a":0,"k":{"i":[[-10.625,0.786],[-0.774,-10.615],[10.61,-0.765],[0.765,10.599]],"o":[[10.609,-0.77],[0.761,10.619],[-10.63,0.781],[-0.775,-10.64]],"v":[[-1.382,-19.23],[19.234,-1.397],[1.402,19.219],[-19.219,1.413]],"c":true},"ix":2},"nm":"Path 1","mn":"ADBE Vector Shape - Group","hd":false},{"ty":"fl","c":{"a":0,"k":[1,1,1,1],"ix":4},"o":{"a":0,"k":100,"ix":5},"r":1,"bm":0,"nm":"Fill 1","mn":"ADBE Vector Graphic - Fill","hd":false},{"ty":"tr","p":{"a":0,"k":[20.244,20.25],"ix":2},"a":{"a":0,"k":[0,0],"ix":1},"s":{"a":0,"k":[100,100],"ix":3},"r":{"a":0,"k":0,"ix":6},"o":{"a":0,"k":100,"ix":7},"sk":{"a":0,"k":0,"ix":4},"sa":{"a":0,"k":0,"ix":5},"nm":"Transform"}],"nm":"Group 1","np":2,"cix":2,"bm":0,"ix":1,"mn":"ADBE Vector Group","hd":false},{"ty":"tr","p":{"a":0,"k":[426.933,249.037],"ix":2},"a":{"a":0,"k":[0,0],"ix":1},"s":{"a":1,"k":[{"i":{"x":[0.062,0.062],"y":[1,1]},"o":{"x":[0.333,0.333],"y":[0,0]},"t":15,"s":[0,0],"e":[100,100]},{"i":{"x":[0.667,0.667],"y":[1,1]},"o":{"x":[0.975,0.975],"y":[0,0]},"t":47,"s":[100,100],"e":[0,0]},{"t":83}],"ix":3},"r":{"a":0,"k":-12.038,"ix":6},"o":{"a":0,"k":100,"ix":7},"sk":{"a":0,"k":0,"ix":4},"sa":{"a":0,"k":0,"ix":5},"nm":"Transform"}],"nm":"Layer 4 Outlines","np":1,"cix":2,"bm":0,"ix":3,"mn":"ADBE Vector Group","hd":false},{"ty":"gr","it":[{"ty":"gr","it":[{"ind":0,"ty":"sh","ix":1,"ks":{"a":0,"k":{"i":[[-12.241,0.882],[-0.877,-12.236],[12.22,-0.902],[0.898,12.226]],"o":[[12.221,-0.888],[0.883,12.231],[-12.247,0.863],[-0.883,-12.251]],"v":[[-1.596,-22.137],[22.146,-1.591],[1.623,22.161],[-22.146,1.612]],"c":true},"ix":2},"nm":"Path 1","mn":"ADBE Vector Shape - Group","hd":false},{"ty":"fl","c":{"a":0,"k":[1,1,1,1],"ix":4},"o":{"a":0,"k":100,"ix":5},"r":1,"bm":0,"nm":"Fill 1","mn":"ADBE Vector Graphic - Fill","hd":false},{"ty":"tr","p":{"a":0,"k":[23.279,23.275],"ix":2},"a":{"a":0,"k":[0,0],"ix":1},"s":{"a":0,"k":[100,100],"ix":3},"r":{"a":0,"k":0,"ix":6},"o":{"a":0,"k":100,"ix":7},"sk":{"a":0,"k":0,"ix":4},"sa":{"a":0,"k":0,"ix":5},"nm":"Transform"}],"nm":"Group 1","np":2,"cix":2,"bm":0,"ix":1,"mn":"ADBE Vector Group","hd":false},{"ty":"tr","p":{"a":0,"k":[363.268,241.3],"ix":2},"a":{"a":0,"k":[0,0],"ix":1},"s":{"a":1,"k":[{"i":{"x":[0.062,0.062],"y":[1,1]},"o":{"x":[0.333,0.333],"y":[0,0]},"t":14,"s":[0,0],"e":[100,100]},{"i":{"x":[0.667,0.667],"y":[1,1]},"o":{"x":[0.975,0.975],"y":[0,0]},"t":46,"s":[100,100],"e":[0,0]},{"t":82}],"ix":3},"r":{"a":0,"k":-12.038,"ix":6},"o":{"a":0,"k":100,"ix":7},"sk":{"a":0,"k":0,"ix":4},"sa":{"a":0,"k":0,"ix":5},"nm":"Transform"}],"nm":"Layer 5 Outlines","np":1,"cix":2,"bm":0,"ix":4,"mn":"ADBE Vector Group","hd":false},{"ty":"gr","it":[{"ty":"gr","it":[{"ind":0,"ty":"sh","ix":1,"ks":{"a":0,"k":{"i":[[-14.159,1.041],[-1.015,-14.144],[14.19,-1.021],[1.016,14.124]],"o":[[14.144,-1.021],[1.02,14.179],[-14.144,1.045],[-1.04,-14.174]],"v":[[-1.849,-25.64],[25.638,-1.876],[1.844,25.616],[-25.618,1.872]],"c":true},"ix":2},"nm":"Path 1","mn":"ADBE Vector Shape - Group","hd":false},{"ty":"fl","c":{"a":0,"k":[1,1,1,1],"ix":4},"o":{"a":0,"k":100,"ix":5},"r":1,"bm":0,"nm":"Fill 1","mn":"ADBE Vector Graphic - Fill","hd":false},{"ty":"tr","p":{"a":0,"k":[26.908,26.911],"ix":2},"a":{"a":0,"k":[0,0],"ix":1},"s":{"a":0,"k":[100,100],"ix":3},"r":{"a":0,"k":0,"ix":6},"o":{"a":0,"k":100,"ix":7},"sk":{"a":0,"k":0,"ix":4},"sa":{"a":0,"k":0,"ix":5},"nm":"Transform"}],"nm":"Group 1","np":2,"cix":2,"bm":0,"ix":1,"mn":"ADBE Vector Group","hd":false},{"ty":"tr","p":{"a":0,"k":[289.757,247.695],"ix":2},"a":{"a":0,"k":[0,0],"ix":1},"s":{"a":1,"k":[{"i":{"x":[0.062,0.062],"y":[1,1]},"o":{"x":[0.333,0.333],"y":[0,0]},"t":13,"s":[0,0],"e":[100,100]},{"i":{"x":[0.667,0.667],"y":[1,1]},"o":{"x":[0.975,0.975],"y":[0,0]},"t":45,"s":[100,100],"e":[0,0]},{"t":81}],"ix":3},"r":{"a":0,"k":-12.038,"ix":6},"o":{"a":0,"k":100,"ix":7},"sk":{"a":0,"k":0,"ix":4},"sa":{"a":0,"k":0,"ix":5},"nm":"Transform"}],"nm":"Layer 6 Outlines","np":1,"cix":2,"bm":0,"ix":5,"mn":"ADBE Vector Group","hd":false},{"ty":"gr","it":[{"ty":"gr","it":[{"ind":0,"ty":"sh","ix":1,"ks":{"a":0,"k":{"i":[[-16.623,1.188],[-1.203,-16.654],[16.623,-1.229],[1.199,16.623]],"o":[[16.633,-1.209],[1.194,16.622],[-16.622,1.209],[-1.188,-16.658]],"v":[[-2.196,-30.122],[30.121,-2.195],[2.175,30.122],[-30.127,2.19]],"c":true},"ix":2},"nm":"Path 1","mn":"ADBE Vector Shape - Group","hd":false},{"ty":"fl","c":{"a":0,"k":[1,1,1,1],"ix":4},"o":{"a":0,"k":100,"ix":5},"r":1,"bm":0,"nm":"Fill 1","mn":"ADBE Vector Graphic - Fill","hd":false},{"ty":"tr","p":{"a":0,"k":[31.565,31.58],"ix":2},"a":{"a":0,"k":[0,0],"ix":1},"s":{"a":0,"k":[100,100],"ix":3},"r":{"a":0,"k":0,"ix":6},"o":{"a":0,"k":100,"ix":7},"sk":{"a":0,"k":0,"ix":4},"sa":{"a":0,"k":0,"ix":5},"nm":"Transform"}],"nm":"Group 1","np":2,"cix":2,"bm":0,"ix":1,"mn":"ADBE Vector Group","hd":false},{"ty":"tr","p":{"a":0,"k":[206.825,271.492],"ix":2},"a":{"a":0,"k":[0,0],"ix":1},"s":{"a":1,"k":[{"i":{"x":[0.062,0.062],"y":[1,1]},"o":{"x":[0.333,0.333],"y":[0,0]},"t":12,"s":[0,0],"e":[100,100]},{"i":{"x":[0.667,0.667],"y":[1,1]},"o":{"x":[0.975,0.975],"y":[0,0]},"t":44,"s":[100,100],"e":[0,0]},{"t":80}],"ix":3},"r":{"a":0,"k":-12.038,"ix":6},"o":{"a":0,"k":100,"ix":7},"sk":{"a":0,"k":0,"ix":4},"sa":{"a":0,"k":0,"ix":5},"nm":"Transform"}],"nm":"Layer 7 Outlines","np":1,"cix":2,"bm":0,"ix":6,"mn":"ADBE Vector Group","hd":false},{"ty":"gr","it":[{"ty":"gr","it":[{"ind":0,"ty":"sh","ix":1,"ks":{"a":0,"k":{"i":[[-8.447,2.525],[-2.57,-8.446],[8.473,-2.555],[2.566,8.457]],"o":[[8.492,-2.576],[2.551,8.488],[-8.467,2.55],[-2.55,-8.477]],"v":[[-4.634,-15.302],[15.319,-4.626],[4.618,15.328],[-15.32,4.627]],"c":true},"ix":2},"nm":"Path 1","mn":"ADBE Vector Shape - Group","hd":false},{"ty":"fl","c":{"a":0,"k":[1,1,1,1],"ix":4},"o":{"a":0,"k":100,"ix":5},"r":1,"bm":0,"nm":"Fill 1","mn":"ADBE Vector Graphic - Fill","hd":false},{"ty":"tr","p":{"a":0,"k":[18.12,18.128],"ix":2},"a":{"a":0,"k":[0,0],"ix":1},"s":{"a":0,"k":[100,100],"ix":3},"r":{"a":0,"k":0,"ix":6},"o":{"a":0,"k":100,"ix":7},"sk":{"a":0,"k":0,"ix":4},"sa":{"a":0,"k":0,"ix":5},"nm":"Transform"}],"nm":"Group 1","np":2,"cix":2,"bm":0,"ix":1,"mn":"ADBE Vector Group","hd":false},{"ty":"tr","p":{"a":0,"k":[504.489,338.193],"ix":2},"a":{"a":0,"k":[0,0],"ix":1},"s":{"a":1,"k":[{"i":{"x":[0.062,0.062],"y":[1,1]},"o":{"x":[0.333,0.333],"y":[0,0]},"t":11,"s":[0,0],"e":[100,100]},{"i":{"x":[0.667,0.667],"y":[1,1]},"o":{"x":[0.975,0.975],"y":[0,0]},"t":43,"s":[100,100],"e":[0,0]},{"t":79}],"ix":3},"r":{"a":0,"k":-12.038,"ix":6},"o":{"a":0,"k":100,"ix":7},"sk":{"a":0,"k":0,"ix":4},"sa":{"a":0,"k":0,"ix":5},"nm":"Transform"}],"nm":"Layer 8 Outlines","np":1,"cix":2,"bm":0,"ix":7,"mn":"ADBE Vector Group","hd":false},{"ty":"gr","it":[{"ty":"gr","it":[{"ind":0,"ty":"sh","ix":1,"ks":{"a":0,"k":{"i":[[-9.88,2.969],[-3,-9.859],[9.854,-2.979],[2.985,9.859]],"o":[[9.84,-2.968],[2.968,9.87],[-9.859,2.979],[-2.983,-9.834]],"v":[[-5.371,-17.848],[17.857,-5.408],[5.38,17.836],[-17.842,5.365]],"c":true},"ix":2},"nm":"Path 1","mn":"ADBE Vector Shape - Group","hd":false},{"ty":"fl","c":{"a":0,"k":[1,1,1,1],"ix":4},"o":{"a":0,"k":100,"ix":5},"r":1,"bm":0,"nm":"Fill 1","mn":"ADBE Vector Graphic - Fill","hd":false},{"ty":"tr","p":{"a":0,"k":[21.075,21.066],"ix":2},"a":{"a":0,"k":[0,0],"ix":1},"s":{"a":0,"k":[100,100],"ix":3},"r":{"a":0,"k":0,"ix":6},"o":{"a":0,"k":100,"ix":7},"sk":{"a":0,"k":0,"ix":4},"sa":{"a":0,"k":0,"ix":5},"nm":"Transform"}],"nm":"Group 1","np":2,"cix":2,"bm":0,"ix":1,"mn":"ADBE Vector Group","hd":false},{"ty":"tr","p":{"a":0,"k":[452.262,320.545],"ix":2},"a":{"a":0,"k":[0,0],"ix":1},"s":{"a":1,"k":[{"i":{"x":[0.062,0.062],"y":[1,1]},"o":{"x":[0.333,0.333],"y":[0,0]},"t":10,"s":[0,0],"e":[100,100]},{"i":{"x":[0.667,0.667],"y":[1,1]},"o":{"x":[0.975,0.975],"y":[0,0]},"t":42,"s":[100,100],"e":[0,0]},{"t":78}],"ix":3},"r":{"a":0,"k":-12.038,"ix":6},"o":{"a":0,"k":100,"ix":7},"sk":{"a":0,"k":0,"ix":4},"sa":{"a":0,"k":0,"ix":5},"nm":"Transform"}],"nm":"Layer 9 Outlines","np":1,"cix":2,"bm":0,"ix":8,"mn":"ADBE Vector Group","hd":false},{"ty":"gr","it":[{"ty":"gr","it":[{"ind":0,"ty":"sh","ix":1,"ks":{"a":0,"k":{"i":[[-11.497,3.448],[-3.488,-11.496],[11.471,-3.469],[3.438,11.471]],"o":[[11.446,-3.463],[3.448,11.467],[-11.476,3.448],[-3.458,-11.482]],"v":[[-6.248,-20.768],[20.779,-6.262],[6.273,20.783],[-20.77,6.271]],"c":true},"ix":2},"nm":"Path 1","mn":"ADBE Vector Shape - Group","hd":false},{"ty":"fl","c":{"a":0,"k":[1,1,1,1],"ix":4},"o":{"a":0,"k":100,"ix":5},"r":1,"bm":0,"nm":"Fill 1","mn":"ADBE Vector Graphic - Fill","hd":false},{"ty":"tr","p":{"a":0,"k":[24.477,24.481],"ix":2},"a":{"a":0,"k":[0,0],"ix":1},"s":{"a":0,"k":[100,100],"ix":3},"r":{"a":0,"k":0,"ix":6},"o":{"a":0,"k":100,"ix":7},"sk":{"a":0,"k":0,"ix":4},"sa":{"a":0,"k":0,"ix":5},"nm":"Transform"}],"nm":"Group 1","np":2,"cix":2,"bm":0,"ix":1,"mn":"ADBE Vector Group","hd":false},{"ty":"tr","p":{"a":0,"k":[389.135,312.535],"ix":2},"a":{"a":0,"k":[0,0],"ix":1},"s":{"a":1,"k":[{"i":{"x":[0.062,0.062],"y":[1,1]},"o":{"x":[0.333,0.333],"y":[0,0]},"t":9,"s":[0,0],"e":[100,100]},{"i":{"x":[0.667,0.667],"y":[1,1]},"o":{"x":[0.975,0.975],"y":[0,0]},"t":41,"s":[100,100],"e":[0,0]},{"t":77}],"ix":3},"r":{"a":0,"k":-12.038,"ix":6},"o":{"a":0,"k":100,"ix":7},"sk":{"a":0,"k":0,"ix":4},"sa":{"a":0,"k":0,"ix":5},"nm":"Transform"}],"nm":"Layer 10 Outlines","np":1,"cix":2,"bm":0,"ix":9,"mn":"ADBE Vector Group","hd":false},{"ty":"gr","it":[{"ty":"gr","it":[{"ind":0,"ty":"sh","ix":1,"ks":{"a":0,"k":{"i":[[-13.445,4.06],[-4.05,-13.43],[13.45,-4.065],[4.045,13.409]],"o":[[13.404,-4.081],[4.055,13.445],[-13.404,4.055],[-4.075,-13.441]],"v":[[-7.314,-24.297],[24.324,-7.342],[7.339,24.323],[-24.305,7.369]],"c":true},"ix":2},"nm":"Path 1","mn":"ADBE Vector Shape - Group","hd":false},{"ty":"fl","c":{"a":0,"k":[1,1,1,1],"ix":4},"o":{"a":0,"k":100,"ix":5},"r":1,"bm":0,"nm":"Fill 1","mn":"ADBE Vector Graphic - Fill","hd":false},{"ty":"tr","p":{"a":0,"k":[28.63,28.628],"ix":2},"a":{"a":0,"k":[0,0],"ix":1},"s":{"a":0,"k":[100,100],"ix":3},"r":{"a":0,"k":0,"ix":6},"o":{"a":0,"k":100,"ix":7},"sk":{"a":0,"k":0,"ix":4},"sa":{"a":0,"k":0,"ix":5},"nm":"Transform"}],"nm":"Group 1","np":2,"cix":2,"bm":0,"ix":1,"mn":"ADBE Vector Group","hd":false},{"ty":"tr","p":{"a":0,"k":[314.53,318.046],"ix":2},"a":{"a":0,"k":[0,0],"ix":1},"s":{"a":1,"k":[{"i":{"x":[0.062,0.062],"y":[1,1]},"o":{"x":[0.333,0.333],"y":[0,0]},"t":8,"s":[0,0],"e":[100,100]},{"i":{"x":[0.667,0.667],"y":[1,1]},"o":{"x":[0.975,0.975],"y":[0,0]},"t":40,"s":[100,100],"e":[0,0]},{"t":76}],"ix":3},"r":{"a":0,"k":-12.038,"ix":6},"o":{"a":0,"k":100,"ix":7},"sk":{"a":0,"k":0,"ix":4},"sa":{"a":0,"k":0,"ix":5},"nm":"Transform"}],"nm":"Layer 11 Outlines","np":1,"cix":2,"bm":0,"ix":10,"mn":"ADBE Vector Group","hd":false},{"ty":"gr","it":[{"ty":"gr","it":[{"ind":0,"ty":"sh","ix":1,"ks":{"a":0,"k":{"i":[[-15.894,4.79],[-4.82,-15.862],[15.863,-4.805],[4.82,15.868]],"o":[[15.883,-4.794],[4.795,15.889],[-15.888,4.774],[-4.774,-15.868]],"v":[[-8.679,-28.75],[28.749,-8.685],[8.678,28.77],[-28.77,8.689]],"c":true},"ix":2},"nm":"Path 1","mn":"ADBE Vector Shape - Group","hd":false},{"ty":"fl","c":{"a":0,"k":[1,1,1,1],"ix":4},"o":{"a":0,"k":100,"ix":5},"r":1,"bm":0,"nm":"Fill 1","mn":"ADBE Vector Graphic - Fill","hd":false},{"ty":"tr","p":{"a":0,"k":[33.794,33.794],"ix":2},"a":{"a":0,"k":[0,0],"ix":1},"s":{"a":0,"k":[100,100],"ix":3},"r":{"a":0,"k":0,"ix":6},"o":{"a":0,"k":100,"ix":7},"sk":{"a":0,"k":0,"ix":4},"sa":{"a":0,"k":0,"ix":5},"nm":"Transform"}],"nm":"Group 1","np":2,"cix":2,"bm":0,"ix":1,"mn":"ADBE Vector Group","hd":false},{"ty":"tr","p":{"a":0,"k":[232.228,342.142],"ix":2},"a":{"a":0,"k":[0,0],"ix":1},"s":{"a":1,"k":[{"i":{"x":[0.062,0.062],"y":[1,1]},"o":{"x":[0.333,0.333],"y":[0,0]},"t":7,"s":[0,0],"e":[100,100]},{"i":{"x":[0.667,0.667],"y":[1,1]},"o":{"x":[0.975,0.975],"y":[0,0]},"t":39,"s":[100,100],"e":[0,0]},{"t":75}],"ix":3},"r":{"a":0,"k":-12.038,"ix":6},"o":{"a":0,"k":100,"ix":7},"sk":{"a":0,"k":0,"ix":4},"sa":{"a":0,"k":0,"ix":5},"nm":"Transform"}],"nm":"Layer 12 Outlines","np":1,"cix":2,"bm":0,"ix":11,"mn":"ADBE Vector Group","hd":false},{"ty":"gr","it":[{"ty":"gr","it":[{"ind":0,"ty":"sh","ix":1,"ks":{"a":0,"k":{"i":[[-18.76,5.667],[-5.651,-18.75],[18.745,-5.646],[5.651,18.745]],"o":[[18.745,-5.646],[5.667,18.749],[-18.729,5.657],[-5.682,-18.76]],"v":[[-10.245,-33.96],[33.946,-10.242],[10.249,33.949],[-33.932,10.252]],"c":true},"ix":2},"nm":"Path 1","mn":"ADBE Vector Shape - Group","hd":false},{"ty":"fl","c":{"a":0,"k":[1,1,1,1],"ix":4},"o":{"a":0,"k":100,"ix":5},"r":1,"bm":0,"nm":"Fill 1","mn":"ADBE Vector Graphic - Fill","hd":false},{"ty":"tr","p":{"a":0,"k":[39.864,39.856],"ix":2},"a":{"a":0,"k":[0,0],"ix":1},"s":{"a":0,"k":[100,100],"ix":3},"r":{"a":0,"k":0,"ix":6},"o":{"a":0,"k":100,"ix":7},"sk":{"a":0,"k":0,"ix":4},"sa":{"a":0,"k":0,"ix":5},"nm":"Transform"}],"nm":"Group 1","np":2,"cix":2,"bm":0,"ix":1,"mn":"ADBE Vector Group","hd":false},{"ty":"tr","p":{"a":0,"k":[144.919,389.339],"ix":2},"a":{"a":0,"k":[0,0],"ix":1},"s":{"a":1,"k":[{"i":{"x":[0.062,0.062],"y":[1,1]},"o":{"x":[0.333,0.333],"y":[0,0]},"t":6,"s":[0,0],"e":[100,100]},{"i":{"x":[0.667,0.667],"y":[1,1]},"o":{"x":[0.975,0.975],"y":[0,0]},"t":38,"s":[100,100],"e":[0,0]},{"t":74}],"ix":3},"r":{"a":0,"k":-12.038,"ix":6},"o":{"a":0,"k":100,"ix":7},"sk":{"a":0,"k":0,"ix":4},"sa":{"a":0,"k":0,"ix":5},"nm":"Transform"}],"nm":"Layer 13 Outlines","np":1,"cix":2,"bm":0,"ix":12,"mn":"ADBE Vector Group","hd":false},{"ty":"gr","it":[{"ty":"gr","it":[{"ind":0,"ty":"sh","ix":1,"ks":{"a":0,"k":{"i":[[-8.987,5.208],[-5.188,-9.003],[9.013,-5.188],[5.208,9.013]],"o":[[9.018,-5.177],[5.208,9.007],[-9.003,5.177],[-5.187,-9.023]],"v":[[-9.421,-16.312],[16.296,-9.4],[9.395,16.312],[-16.317,9.42]],"c":true},"ix":2},"nm":"Path 1","mn":"ADBE Vector Shape - Group","hd":false},{"ty":"fl","c":{"a":0,"k":[1,1,1,1],"ix":4},"o":{"a":0,"k":100,"ix":5},"r":1,"bm":0,"nm":"Fill 1","mn":"ADBE Vector Graphic - Fill","hd":false},{"ty":"tr","p":{"a":0,"k":[21.754,21.739],"ix":2},"a":{"a":0,"k":[0,0],"ix":1},"s":{"a":0,"k":[100,100],"ix":3},"r":{"a":0,"k":0,"ix":6},"o":{"a":0,"k":100,"ix":7},"sk":{"a":0,"k":0,"ix":4},"sa":{"a":0,"k":0,"ix":5},"nm":"Transform"}],"nm":"Group 1","np":2,"cix":2,"bm":0,"ix":1,"mn":"ADBE Vector Group","hd":false},{"ty":"tr","p":{"a":0,"k":[504.583,397.755],"ix":2},"a":{"a":0,"k":[0,0],"ix":1},"s":{"a":1,"k":[{"i":{"x":[0.062,0.062],"y":[1,1]},"o":{"x":[0.333,0.333],"y":[0,0]},"t":5,"s":[0,0],"e":[100,100]},{"i":{"x":[0.667,0.667],"y":[1,1]},"o":{"x":[0.975,0.975],"y":[0,0]},"t":37,"s":[100,100],"e":[0,0]},{"t":73}],"ix":3},"r":{"a":0,"k":-12.038,"ix":6},"o":{"a":0,"k":100,"ix":7},"sk":{"a":0,"k":0,"ix":4},"sa":{"a":0,"k":0,"ix":5},"nm":"Transform"}],"nm":"Layer 14 Outlines","np":1,"cix":2,"bm":0,"ix":13,"mn":"ADBE Vector Group","hd":false},{"ty":"gr","it":[{"ty":"gr","it":[{"ind":0,"ty":"sh","ix":1,"ks":{"a":0,"k":{"i":[[-10.481,6.055],[-6.055,-10.497],[10.482,-6.029],[6.029,10.502]],"o":[[10.517,-6.044],[6.064,10.476],[-10.481,6.075],[-6.07,-10.497]],"v":[[-10.963,-19.005],[18.982,-10.956],[10.953,18.974],[-18.976,10.951]],"c":true},"ix":2},"nm":"Path 1","mn":"ADBE Vector Shape - Group","hd":false},{"ty":"fl","c":{"a":0,"k":[1,1,1,1],"ix":4},"o":{"a":0,"k":100,"ix":5},"r":1,"bm":0,"nm":"Fill 1","mn":"ADBE Vector Graphic - Fill","hd":false},{"ty":"tr","p":{"a":0,"k":[25.296,25.299],"ix":2},"a":{"a":0,"k":[0,0],"ix":1},"s":{"a":0,"k":[100,100],"ix":3},"r":{"a":0,"k":0,"ix":6},"o":{"a":0,"k":100,"ix":7},"sk":{"a":0,"k":0,"ix":4},"sa":{"a":0,"k":0,"ix":5},"nm":"Transform"}],"nm":"Group 1","np":2,"cix":2,"bm":0,"ix":1,"mn":"ADBE Vector Group","hd":false},{"ty":"tr","p":{"a":0,"k":[441.802,390.605],"ix":2},"a":{"a":0,"k":[0,0],"ix":1},"s":{"a":1,"k":[{"i":{"x":[0.062,0.062],"y":[1,1]},"o":{"x":[0.333,0.333],"y":[0,0]},"t":4,"s":[0,0],"e":[100,100]},{"i":{"x":[0.667,0.667],"y":[1,1]},"o":{"x":[0.975,0.975],"y":[0,0]},"t":36,"s":[100,100],"e":[0,0]},{"t":72}],"ix":3},"r":{"a":0,"k":-12.038,"ix":6},"o":{"a":0,"k":100,"ix":7},"sk":{"a":0,"k":0,"ix":4},"sa":{"a":0,"k":0,"ix":5},"nm":"Transform"}],"nm":"Layer 15 Outlines","np":1,"cix":2,"bm":0,"ix":14,"mn":"ADBE Vector Group","hd":false},{"ty":"gr","it":[{"ty":"gr","it":[{"ind":0,"ty":"sh","ix":1,"ks":{"a":0,"k":{"i":[[-12.221,7.054],[-7.038,-12.211],[12.185,-7.049],[7.054,12.242]],"o":[[12.211,-7.049],[7.065,12.226],[-12.232,7.054],[-7.039,-12.195]],"v":[[-12.749,-22.114],[22.098,-12.753],[12.77,22.109],[-22.124,12.734]],"c":true},"ix":2},"nm":"Path 1","mn":"ADBE Vector Shape - Group","hd":false},{"ty":"fl","c":{"a":0,"k":[1,1,1,1],"ix":4},"o":{"a":0,"k":100,"ix":5},"r":1,"bm":0,"nm":"Fill 1","mn":"ADBE Vector Graphic - Fill","hd":false},{"ty":"tr","p":{"a":0,"k":[29.413,29.413],"ix":2},"a":{"a":0,"k":[0,0],"ix":1},"s":{"a":0,"k":[100,100],"ix":3},"r":{"a":0,"k":0,"ix":6},"o":{"a":0,"k":100,"ix":7},"sk":{"a":0,"k":0,"ix":4},"sa":{"a":0,"k":0,"ix":5},"nm":"Transform"}],"nm":"Group 1","np":2,"cix":2,"bm":0,"ix":1,"mn":"ADBE Vector Group","hd":false},{"ty":"tr","p":{"a":0,"k":[369.284,397.392],"ix":2},"a":{"a":0,"k":[0,0],"ix":1},"s":{"a":1,"k":[{"i":{"x":[0.062,0.062],"y":[1,1]},"o":{"x":[0.333,0.333],"y":[0,0]},"t":3,"s":[0,0],"e":[100,100]},{"i":{"x":[0.667,0.667],"y":[1,1]},"o":{"x":[0.975,0.975],"y":[0,0]},"t":35,"s":[100,100],"e":[0,0]},{"t":71}],"ix":3},"r":{"a":0,"k":-12.038,"ix":6},"o":{"a":0,"k":100,"ix":7},"sk":{"a":0,"k":0,"ix":4},"sa":{"a":0,"k":0,"ix":5},"nm":"Transform"}],"nm":"Layer 16 Outlines","np":1,"cix":2,"bm":0,"ix":15,"mn":"ADBE Vector Group","hd":false},{"ty":"gr","it":[{"ty":"gr","it":[{"ind":0,"ty":"sh","ix":1,"ks":{"a":0,"k":{"i":[[-14.276,8.248],[-8.232,-14.272],[14.272,-8.242],[8.263,14.297]],"o":[[14.287,-8.232],[8.243,14.317],[-14.317,8.233],[-8.247,-14.277]],"v":[[-14.935,-25.891],[25.88,-14.95],[14.939,25.89],[-25.876,14.914]],"c":true},"ix":2},"nm":"Path 1","mn":"ADBE Vector Shape - Group","hd":false},{"ty":"fl","c":{"a":0,"k":[1,1,1,1],"ix":4},"o":{"a":0,"k":100,"ix":5},"r":1,"bm":0,"nm":"Fill 1","mn":"ADBE Vector Graphic - Fill","hd":false},{"ty":"tr","p":{"a":0,"k":[34.373,34.373],"ix":2},"a":{"a":0,"k":[0,0],"ix":1},"s":{"a":0,"k":[100,100],"ix":3},"r":{"a":0,"k":0,"ix":6},"o":{"a":0,"k":100,"ix":7},"sk":{"a":0,"k":0,"ix":4},"sa":{"a":0,"k":0,"ix":5},"nm":"Transform"}],"nm":"Group 1","np":2,"cix":2,"bm":0,"ix":1,"mn":"ADBE Vector Group","hd":false},{"ty":"tr","p":{"a":0,"k":[288.756,423.057],"ix":2},"a":{"a":0,"k":[0,0],"ix":1},"s":{"a":1,"k":[{"i":{"x":[0.062,0.062],"y":[1,1]},"o":{"x":[0.333,0.333],"y":[0,0]},"t":2,"s":[0,0],"e":[100,100]},{"i":{"x":[0.667,0.667],"y":[1,1]},"o":{"x":[0.975,0.975],"y":[0,0]},"t":34,"s":[100,100],"e":[0,0]},{"t":70}],"ix":3},"r":{"a":0,"k":-12.038,"ix":6},"o":{"a":0,"k":100,"ix":7},"sk":{"a":0,"k":0,"ix":4},"sa":{"a":0,"k":0,"ix":5},"nm":"Transform"}],"nm":"Layer 17 Outlines","np":1,"cix":2,"bm":0,"ix":16,"mn":"ADBE Vector Group","hd":false},{"ty":"gr","it":[{"ty":"gr","it":[{"ind":0,"ty":"sh","ix":1,"ks":{"a":0,"k":{"i":[[-16.888,9.727],[-9.742,-16.914],[16.909,-9.752],[9.743,16.873]],"o":[[16.883,-9.772],[9.732,16.913],[-16.903,9.732],[-9.752,-16.924]],"v":[[-17.643,-30.576],[30.619,-17.64],[17.658,30.616],[-30.599,17.681]],"c":true},"ix":2},"nm":"Path 1","mn":"ADBE Vector Shape - Group","hd":false},{"ty":"fl","c":{"a":0,"k":[1,1,1,1],"ix":4},"o":{"a":0,"k":100,"ix":5},"r":1,"bm":0,"nm":"Fill 1","mn":"ADBE Vector Graphic - Fill","hd":false},{"ty":"tr","p":{"a":0,"k":[40.601,40.598],"ix":2},"a":{"a":0,"k":[0,0],"ix":1},"s":{"a":0,"k":[100,100],"ix":3},"r":{"a":0,"k":0,"ix":6},"o":{"a":0,"k":100,"ix":7},"sk":{"a":0,"k":0,"ix":4},"sa":{"a":0,"k":0,"ix":5},"nm":"Transform"}],"nm":"Group 1","np":2,"cix":2,"bm":0,"ix":1,"mn":"ADBE Vector Group","hd":false},{"ty":"tr","p":{"a":0,"k":[204.993,471.992],"ix":2},"a":{"a":0,"k":[0,0],"ix":1},"s":{"a":1,"k":[{"i":{"x":[0.062,0.062],"y":[1,1]},"o":{"x":[0.333,0.333],"y":[0,0]},"t":1,"s":[0,0],"e":[100,100]},{"i":{"x":[0.667,0.667],"y":[1,1]},"o":{"x":[0.975,0.975],"y":[0,0]},"t":33,"s":[100,100],"e":[0,0]},{"t":69}],"ix":3},"r":{"a":0,"k":-12.038,"ix":6},"o":{"a":0,"k":100,"ix":7},"sk":{"a":0,"k":0,"ix":4},"sa":{"a":0,"k":0,"ix":5},"nm":"Transform"}],"nm":"Layer 18 Outlines","np":1,"cix":2,"bm":0,"ix":17,"mn":"ADBE Vector Group","hd":false},{"ty":"gr","it":[{"ty":"gr","it":[{"ind":0,"ty":"sh","ix":1,"ks":{"a":0,"k":{"i":[[-19.933,11.502],[-11.517,-19.959],[19.938,-11.522],[11.502,19.923]],"o":[[19.958,-11.512],[11.527,19.953],[-19.974,11.496],[-11.543,-19.984]],"v":[[-20.844,-36.138],[36.135,-20.84],[20.844,36.154],[-36.12,20.871]],"c":true},"ix":2},"nm":"Path 1","mn":"ADBE Vector Shape - Group","hd":false},{"ty":"fl","c":{"a":0,"k":[1,1,1,1],"ix":4},"o":{"a":0,"k":100,"ix":5},"r":1,"bm":0,"nm":"Fill 1","mn":"ADBE Vector Graphic - Fill","hd":false},{"ty":"tr","p":{"a":0,"k":[47.912,47.9],"ix":2},"a":{"a":0,"k":[0,0],"ix":1},"s":{"a":0,"k":[100,100],"ix":3},"r":{"a":0,"k":0,"ix":6},"o":{"a":0,"k":100,"ix":7},"sk":{"a":0,"k":0,"ix":4},"sa":{"a":0,"k":0,"ix":5},"nm":"Transform"}],"nm":"Group 1","np":2,"cix":2,"bm":0,"ix":1,"mn":"ADBE Vector Group","hd":false},{"ty":"tr","p":{"a":0,"k":[123.981,549.691],"ix":2},"a":{"a":0,"k":[0,0],"ix":1},"s":{"a":1,"k":[{"i":{"x":[0.062,0.062],"y":[1,1]},"o":{"x":[0.333,0.333],"y":[0,0]},"t":0,"s":[0,0],"e":[100,100]},{"i":{"x":[0.667,0.667],"y":[1,1]},"o":{"x":[0.975,0.975],"y":[0,0]},"t":32,"s":[100,100],"e":[0,0]},{"t":68}],"ix":3},"r":{"a":0,"k":-12.038,"ix":6},"o":{"a":0,"k":100,"ix":7},"sk":{"a":0,"k":0,"ix":4},"sa":{"a":0,"k":0,"ix":5},"nm":"Transform"}],"nm":"Layer 19 Outlines","np":1,"cix":2,"bm":0,"ix":18,"mn":"ADBE Vector Group","hd":false},{"ty":"gr","it":[{"ty":"gr","it":[{"ind":0,"ty":"sh","ix":1,"ks":{"a":0,"k":{"i":[[4.335,6.386],[-6.35,4.372],[-4.336,-6.396],[6.38,-4.326]],"o":[[-4.335,-6.406],[6.396,-4.325],[4.346,6.371],[-6.422,4.35]],"v":[[-11.563,7.87],[-7.885,-11.583],[11.553,-7.859],[7.871,11.559]],"c":true},"ix":2},"nm":"Path 1","mn":"ADBE Vector Shape - Group","hd":false},{"ty":"fl","c":{"a":0,"k":[1,1,1,1],"ix":4},"o":{"a":0,"k":100,"ix":5},"r":1,"bm":0,"nm":"Fill 1","mn":"ADBE Vector Graphic - Fill","hd":false},{"ty":"tr","p":{"a":0,"k":[16.148,16.159],"ix":2},"a":{"a":0,"k":[0,0],"ix":1},"s":{"a":0,"k":[100,100],"ix":3},"r":{"a":0,"k":0,"ix":6},"o":{"a":0,"k":100,"ix":7},"sk":{"a":0,"k":0,"ix":4},"sa":{"a":0,"k":0,"ix":5},"nm":"Transform"}],"nm":"Group 1","np":2,"cix":2,"bm":0,"ix":1,"mn":"ADBE Vector Group","hd":false},{"ty":"tr","p":{"a":0,"k":[340.376,577.332],"ix":2},"a":{"a":0,"k":[16.5,33],"ix":1},"s":{"a":1,"k":[{"i":{"x":[0.062,0.062],"y":[1,1]},"o":{"x":[0.333,0.333],"y":[0,0]},"t":17,"s":[0,0],"e":[100,100]},{"i":{"x":[0.667,0.667],"y":[1,1]},"o":{"x":[0.975,0.975],"y":[0,0]},"t":49,"s":[100,100],"e":[0,0]},{"t":85}],"ix":3},"r":{"a":0,"k":-12.038,"ix":6},"o":{"a":0,"k":100,"ix":7},"sk":{"a":0,"k":0,"ix":4},"sa":{"a":0,"k":0,"ix":5},"nm":"Transform"}],"nm":"Layer 20 Outlines","np":1,"cix":2,"bm":0,"ix":19,"mn":"ADBE Vector Group","hd":false},{"ty":"gr","it":[{"ty":"gr","it":[{"ind":0,"ty":"sh","ix":1,"ks":{"a":0,"k":{"i":[[5.116,7.533],[-7.544,5.121],[-5.116,-7.493],[7.544,-5.075]],"o":[[-5.116,-7.523],[7.508,-5.11],[5.131,7.544],[-7.523,5.131]],"v":[[-13.618,9.257],[-9.262,-13.625],[13.604,-9.284],[9.248,13.603]],"c":true},"ix":2},"nm":"Path 1","mn":"ADBE Vector Shape - Group","hd":false},{"ty":"fl","c":{"a":0,"k":[1,1,1,1],"ix":4},"o":{"a":0,"k":100,"ix":5},"r":1,"bm":0,"nm":"Fill 1","mn":"ADBE Vector Graphic - Fill","hd":false},{"ty":"tr","p":{"a":0,"k":[18.984,18.985],"ix":2},"a":{"a":0,"k":[0,0],"ix":1},"s":{"a":0,"k":[100,100],"ix":3},"r":{"a":0,"k":0,"ix":6},"o":{"a":0,"k":100,"ix":7},"sk":{"a":0,"k":0,"ix":4},"sa":{"a":0,"k":0,"ix":5},"nm":"Transform"}],"nm":"Group 1","np":2,"cix":2,"bm":0,"ix":1,"mn":"ADBE Vector Group","hd":false},{"ty":"tr","p":{"a":0,"k":[341.892,625.517],"ix":2},"a":{"a":0,"k":[19,38],"ix":1},"s":{"a":1,"k":[{"i":{"x":[0.062,0.062],"y":[1,1]},"o":{"x":[0.333,0.333],"y":[0,0]},"t":16,"s":[0,0],"e":[100,100]},{"i":{"x":[0.667,0.667],"y":[1,1]},"o":{"x":[0.975,0.975],"y":[0,0]},"t":48,"s":[100,100],"e":[0,0]},{"t":84}],"ix":3},"r":{"a":0,"k":-12.038,"ix":6},"o":{"a":0,"k":100,"ix":7},"sk":{"a":0,"k":0,"ix":4},"sa":{"a":0,"k":0,"ix":5},"nm":"Transform"}],"nm":"Layer 21 Outlines","np":1,"cix":2,"bm":0,"ix":20,"mn":"ADBE Vector Group","hd":false},{"ty":"gr","it":[{"ty":"gr","it":[{"ind":0,"ty":"sh","ix":1,"ks":{"a":0,"k":{"i":[[5.998,8.783],[-8.793,5.998],[-5.998,-8.814],[8.834,-5.968]],"o":[[-5.973,-8.809],[8.814,-5.993],[6.004,8.798],[-8.799,5.999]],"v":[[-15.947,10.841],[-10.862,-15.937],[15.916,-10.847],[10.811,15.931]],"c":true},"ix":2},"nm":"Path 1","mn":"ADBE Vector Shape - Group","hd":false},{"ty":"fl","c":{"a":0,"k":[1,1,1,1],"ix":4},"o":{"a":0,"k":100,"ix":5},"r":1,"bm":0,"nm":"Fill 1","mn":"ADBE Vector Graphic - Fill","hd":false},{"ty":"tr","p":{"a":0,"k":[22.17,22.18],"ix":2},"a":{"a":0,"k":[0,0],"ix":1},"s":{"a":0,"k":[100,100],"ix":3},"r":{"a":0,"k":0,"ix":6},"o":{"a":0,"k":100,"ix":7},"sk":{"a":0,"k":0,"ix":4},"sa":{"a":0,"k":0,"ix":5},"nm":"Transform"}],"nm":"Group 1","np":2,"cix":2,"bm":0,"ix":1,"mn":"ADBE Vector Group","hd":false},{"ty":"tr","p":{"a":0,"k":[355.121,681.121],"ix":2},"a":{"a":0,"k":[22.5,45],"ix":1},"s":{"a":1,"k":[{"i":{"x":[0.062,0.062],"y":[1,1]},"o":{"x":[0.333,0.333],"y":[0,0]},"t":15,"s":[0,0],"e":[100,100]},{"i":{"x":[0.667,0.667],"y":[1,1]},"o":{"x":[0.975,0.975],"y":[0,0]},"t":47,"s":[100,100],"e":[0,0]},{"t":83}],"ix":3},"r":{"a":0,"k":-12.038,"ix":6},"o":{"a":0,"k":100,"ix":7},"sk":{"a":0,"k":0,"ix":4},"sa":{"a":0,"k":0,"ix":5},"nm":"Transform"}],"nm":"Layer 22 Outlines","np":1,"cix":2,"bm":0,"ix":21,"mn":"ADBE Vector Group","hd":false},{"ty":"gr","it":[{"ty":"gr","it":[{"ind":0,"ty":"sh","ix":1,"ks":{"a":0,"k":{"i":[[6.886,10.171],[-10.125,6.896],[-6.875,-10.155],[10.129,-6.901]],"o":[[-6.901,-10.13],[10.15,-6.901],[6.921,10.15],[-10.15,6.861]],"v":[[-18.362,12.481],[-12.501,-18.342],[18.342,-12.471],[12.492,18.382]],"c":true},"ix":2},"nm":"Path 1","mn":"ADBE Vector Shape - Group","hd":false},{"ty":"fl","c":{"a":0,"k":[1,1,1,1],"ix":4},"o":{"a":0,"k":100,"ix":5},"r":1,"bm":0,"nm":"Fill 1","mn":"ADBE Vector Graphic - Fill","hd":false},{"ty":"tr","p":{"a":0,"k":[25.513,25.493],"ix":2},"a":{"a":0,"k":[0,0],"ix":1},"s":{"a":0,"k":[100,100],"ix":3},"r":{"a":0,"k":0,"ix":6},"o":{"a":0,"k":100,"ix":7},"sk":{"a":0,"k":0,"ix":4},"sa":{"a":0,"k":0,"ix":5},"nm":"Transform"}],"nm":"Group 1","np":2,"cix":2,"bm":0,"ix":1,"mn":"ADBE Vector Group","hd":false},{"ty":"tr","p":{"a":0,"k":[382.261,739.536],"ix":2},"a":{"a":0,"k":[26,51],"ix":1},"s":{"a":1,"k":[{"i":{"x":[0.062,0.062],"y":[1,1]},"o":{"x":[0.333,0.333],"y":[0,0]},"t":14,"s":[0,0],"e":[100,100]},{"i":{"x":[0.667,0.667],"y":[1,1]},"o":{"x":[0.975,0.975],"y":[0,0]},"t":46,"s":[100,100],"e":[0,0]},{"t":82}],"ix":3},"r":{"a":0,"k":-12.038,"ix":6},"o":{"a":0,"k":100,"ix":7},"sk":{"a":0,"k":0,"ix":4},"sa":{"a":0,"k":0,"ix":5},"nm":"Transform"}],"nm":"Layer 23 Outlines","np":1,"cix":2,"bm":0,"ix":22,"mn":"ADBE Vector Group","hd":false},{"ty":"gr","it":[{"ty":"gr","it":[{"ind":0,"ty":"sh","ix":1,"ks":{"a":0,"k":{"i":[[7.998,11.736],[-11.736,7.977],[-7.983,-11.715],[11.727,-7.971]],"o":[[-7.992,-11.742],[11.722,-7.973],[7.987,11.742],[-11.751,7.988]],"v":[[-21.247,14.455],[-14.448,-21.249],[21.252,-14.476],[14.462,21.233]],"c":true},"ix":2},"nm":"Path 1","mn":"ADBE Vector Shape - Group","hd":false},{"ty":"fl","c":{"a":0,"k":[1,1,1,1],"ix":4},"o":{"a":0,"k":100,"ix":5},"r":1,"bm":0,"nm":"Fill 1","mn":"ADBE Vector Graphic - Fill","hd":false},{"ty":"tr","p":{"a":0,"k":[29.489,29.472],"ix":2},"a":{"a":0,"k":[0,0],"ix":1},"s":{"a":0,"k":[100,100],"ix":3},"r":{"a":0,"k":0,"ix":6},"o":{"a":0,"k":100,"ix":7},"sk":{"a":0,"k":0,"ix":4},"sa":{"a":0,"k":0,"ix":5},"nm":"Transform"}],"nm":"Group 1","np":2,"cix":2,"bm":0,"ix":1,"mn":"ADBE Vector Group","hd":false},{"ty":"tr","p":{"a":0,"k":[426.259,799.561],"ix":2},"a":{"a":0,"k":[29.5,59],"ix":1},"s":{"a":1,"k":[{"i":{"x":[0.062,0.062],"y":[1,1]},"o":{"x":[0.333,0.333],"y":[0,0]},"t":13,"s":[0,0],"e":[100,100]},{"i":{"x":[0.667,0.667],"y":[1,1]},"o":{"x":[0.975,0.975],"y":[0,0]},"t":45,"s":[100,100],"e":[0,0]},{"t":81}],"ix":3},"r":{"a":0,"k":-12.038,"ix":6},"o":{"a":0,"k":100,"ix":7},"sk":{"a":0,"k":0,"ix":4},"sa":{"a":0,"k":0,"ix":5},"nm":"Transform"}],"nm":"Layer 24 Outlines","np":1,"cix":2,"bm":0,"ix":23,"mn":"ADBE Vector Group","hd":false},{"ty":"gr","it":[{"ty":"gr","it":[{"ind":0,"ty":"sh","ix":1,"ks":{"a":0,"k":{"i":[[9.42,13.781],[-13.797,9.365],[-9.375,-13.787],[13.802,-9.359]],"o":[[-9.344,-13.798],[13.802,-9.4],[9.38,13.786],[-13.798,9.405]],"v":[[-24.998,17.001],[-17,-24.957],[24.962,-16.984],[16.975,24.952]],"c":true},"ix":2},"nm":"Path 1","mn":"ADBE Vector Shape - Group","hd":false},{"ty":"fl","c":{"a":0,"k":[1,1,1,1],"ix":4},"o":{"a":0,"k":100,"ix":5},"r":1,"bm":0,"nm":"Fill 1","mn":"ADBE Vector Graphic - Fill","hd":false},{"ty":"tr","p":{"a":0,"k":[34.592,34.607],"ix":2},"a":{"a":0,"k":[0,0],"ix":1},"s":{"a":0,"k":[100,100],"ix":3},"r":{"a":0,"k":0,"ix":6},"o":{"a":0,"k":100,"ix":7},"sk":{"a":0,"k":0,"ix":4},"sa":{"a":0,"k":0,"ix":5},"nm":"Transform"}],"nm":"Group 1","np":2,"cix":2,"bm":0,"ix":1,"mn":"ADBE Vector Group","hd":false},{"ty":"tr","p":{"a":0,"k":[491.494,858.499],"ix":2},"a":{"a":0,"k":[35,70],"ix":1},"s":{"a":1,"k":[{"i":{"x":[0.062,0.062],"y":[1,1]},"o":{"x":[0.333,0.333],"y":[0,0]},"t":12,"s":[0,0],"e":[100,100]},{"i":{"x":[0.667,0.667],"y":[1,1]},"o":{"x":[0.975,0.975],"y":[0,0]},"t":44,"s":[100,100],"e":[0,0]},{"t":80}],"ix":3},"r":{"a":0,"k":-12.038,"ix":6},"o":{"a":0,"k":100,"ix":7},"sk":{"a":0,"k":0,"ix":4},"sa":{"a":0,"k":0,"ix":5},"nm":"Transform"}],"nm":"Layer 25 Outlines","np":1,"cix":2,"bm":0,"ix":24,"mn":"ADBE Vector Group","hd":false},{"ty":"gr","it":[{"ty":"gr","it":[{"ind":0,"ty":"sh","ix":1,"ks":{"a":0,"k":{"i":[[6.442,6.064],[-6.049,6.452],[-6.458,-6.064],[6.06,-6.453]],"o":[[-6.457,-6.029],[6.045,-6.452],[6.442,6.034],[-6.039,6.452]],"v":[[-10.941,11.67],[-11.686,-10.946],[10.946,-11.67],[11.675,10.942]],"c":true},"ix":2},"nm":"Path 1","mn":"ADBE Vector Shape - Group","hd":false},{"ty":"fl","c":{"a":0,"k":[1,1,1,1],"ix":4},"o":{"a":0,"k":100,"ix":5},"r":1,"bm":0,"nm":"Fill 1","mn":"ADBE Vector Graphic - Fill","hd":false},{"ty":"tr","p":{"a":0,"k":[17.985,17.985],"ix":2},"a":{"a":0,"k":[0,0],"ix":1},"s":{"a":0,"k":[100,100],"ix":3},"r":{"a":0,"k":0,"ix":6},"o":{"a":0,"k":100,"ix":7},"sk":{"a":0,"k":0,"ix":4},"sa":{"a":0,"k":0,"ix":5},"nm":"Transform"}],"nm":"Group 1","np":2,"cix":2,"bm":0,"ix":1,"mn":"ADBE Vector Group","hd":false},{"ty":"tr","p":{"a":0,"k":[393.768,575.531],"ix":2},"a":{"a":0,"k":[18,36],"ix":1},"s":{"a":1,"k":[{"i":{"x":[0.062,0.062],"y":[1,1]},"o":{"x":[0.333,0.333],"y":[0,0]},"t":11,"s":[0,0],"e":[100,100]},{"i":{"x":[0.667,0.667],"y":[1,1]},"o":{"x":[0.975,0.975],"y":[0,0]},"t":43,"s":[100,100],"e":[0,0]},{"t":79}],"ix":3},"r":{"a":0,"k":-12.038,"ix":6},"o":{"a":0,"k":100,"ix":7},"sk":{"a":0,"k":0,"ix":4},"sa":{"a":0,"k":0,"ix":5},"nm":"Transform"}],"nm":"Layer 26 Outlines","np":1,"cix":2,"bm":0,"ix":25,"mn":"ADBE Vector Group","hd":false},{"ty":"gr","it":[{"ty":"gr","it":[{"ind":0,"ty":"sh","ix":1,"ks":{"a":0,"k":{"i":[[7.539,7.039],[-7.018,7.513],[-7.528,-7.028],[7.029,-7.523]],"o":[[-7.508,-7.033],[7.039,-7.528],[7.528,7.044],[-7.049,7.518]],"v":[[-12.754,13.608],[-13.617,-12.731],[12.743,-13.619],[13.605,12.741]],"c":true},"ix":2},"nm":"Path 1","mn":"ADBE Vector Shape - Group","hd":false},{"ty":"fl","c":{"a":0,"k":[1,1,1,1],"ix":4},"o":{"a":0,"k":100,"ix":5},"r":1,"bm":0,"nm":"Fill 1","mn":"ADBE Vector Graphic - Fill","hd":false},{"ty":"tr","p":{"a":0,"k":[20.884,20.897],"ix":2},"a":{"a":0,"k":[0,0],"ix":1},"s":{"a":0,"k":[100,100],"ix":3},"r":{"a":0,"k":0,"ix":6},"o":{"a":0,"k":100,"ix":7},"sk":{"a":0,"k":0,"ix":4},"sa":{"a":0,"k":0,"ix":5},"nm":"Transform"}],"nm":"Group 1","np":2,"cix":2,"bm":0,"ix":1,"mn":"ADBE Vector Group","hd":false},{"ty":"tr","p":{"a":0,"k":[406.172,628.247],"ix":2},"a":{"a":0,"k":[21,42],"ix":1},"s":{"a":1,"k":[{"i":{"x":[0.062,0.062],"y":[1,1]},"o":{"x":[0.333,0.333],"y":[0,0]},"t":10,"s":[0,0],"e":[100,100]},{"i":{"x":[0.667,0.667],"y":[1,1]},"o":{"x":[0.975,0.975],"y":[0,0]},"t":42,"s":[100,100],"e":[0,0]},{"t":78}],"ix":3},"r":{"a":0,"k":-12.038,"ix":6},"o":{"a":0,"k":100,"ix":7},"sk":{"a":0,"k":0,"ix":4},"sa":{"a":0,"k":0,"ix":5},"nm":"Transform"}],"nm":"Layer 27 Outlines","np":1,"cix":2,"bm":0,"ix":26,"mn":"ADBE Vector Group","hd":false},{"ty":"gr","it":[{"ty":"gr","it":[{"ind":0,"ty":"sh","ix":1,"ks":{"a":0,"k":{"i":[[8.753,8.207],[-8.191,8.753],[-8.748,-8.186],[8.182,-8.758]],"o":[[-8.758,-8.171],[8.217,-8.737],[8.758,8.207],[-8.197,8.737]],"v":[[-14.825,15.829],[-15.835,-14.835],[14.825,-15.85],[15.844,14.841]],"c":true},"ix":2},"nm":"Path 1","mn":"ADBE Vector Shape - Group","hd":false},{"ty":"fl","c":{"a":0,"k":[1,1,1,1],"ix":4},"o":{"a":0,"k":100,"ix":5},"r":1,"bm":0,"nm":"Fill 1","mn":"ADBE Vector Graphic - Fill","hd":false},{"ty":"tr","p":{"a":0,"k":[24.276,24.287],"ix":2},"a":{"a":0,"k":[0,0],"ix":1},"s":{"a":0,"k":[100,100],"ix":3},"r":{"a":0,"k":0,"ix":6},"o":{"a":0,"k":100,"ix":7},"sk":{"a":0,"k":0,"ix":4},"sa":{"a":0,"k":0,"ix":5},"nm":"Transform"}],"nm":"Group 1","np":2,"cix":2,"bm":0,"ix":1,"mn":"ADBE Vector Group","hd":false},{"ty":"tr","p":{"a":0,"k":[432.603,685.769],"ix":2},"a":{"a":0,"k":[24.5,49],"ix":1},"s":{"a":1,"k":[{"i":{"x":[0.062,0.062],"y":[1,1]},"o":{"x":[0.333,0.333],"y":[0,0]},"t":9,"s":[0,0],"e":[100,100]},{"i":{"x":[0.667,0.667],"y":[1,1]},"o":{"x":[0.975,0.975],"y":[0,0]},"t":41,"s":[100,100],"e":[0,0]},{"t":77}],"ix":3},"r":{"a":0,"k":-12.038,"ix":6},"o":{"a":0,"k":100,"ix":7},"sk":{"a":0,"k":0,"ix":4},"sa":{"a":0,"k":0,"ix":5},"nm":"Transform"}],"nm":"Layer 28 Outlines","np":1,"cix":2,"bm":0,"ix":27,"mn":"ADBE Vector Group","hd":false},{"ty":"gr","it":[{"ty":"gr","it":[{"ind":0,"ty":"sh","ix":1,"ks":{"a":0,"k":{"i":[[10.252,9.568],[-9.584,10.237],[-10.237,-9.599],[9.605,-10.236]],"o":[[-10.227,-9.609],[9.605,-10.241],[10.242,9.584],[-9.573,10.232]],"v":[[-17.378,18.559],[-18.546,-17.36],[17.362,-18.528],[18.525,17.375]],"c":true},"ix":2},"nm":"Path 1","mn":"ADBE Vector Shape - Group","hd":false},{"ty":"fl","c":{"a":0,"k":[1,1,1,1],"ix":4},"o":{"a":0,"k":100,"ix":5},"r":1,"bm":0,"nm":"Fill 1","mn":"ADBE Vector Graphic - Fill","hd":false},{"ty":"tr","p":{"a":0,"k":[28.38,28.377],"ix":2},"a":{"a":0,"k":[0,0],"ix":1},"s":{"a":0,"k":[100,100],"ix":3},"r":{"a":0,"k":0,"ix":6},"o":{"a":0,"k":100,"ix":7},"sk":{"a":0,"k":0,"ix":4},"sa":{"a":0,"k":0,"ix":5},"nm":"Transform"}],"nm":"Group 1","np":2,"cix":2,"bm":0,"ix":1,"mn":"ADBE Vector Group","hd":false},{"ty":"tr","p":{"a":0,"k":[476.486,744.967],"ix":2},"a":{"a":0,"k":[28.5,57],"ix":1},"s":{"a":1,"k":[{"i":{"x":[0.062,0.062],"y":[1,1]},"o":{"x":[0.333,0.333],"y":[0,0]},"t":8,"s":[0,0],"e":[100,100]},{"i":{"x":[0.667,0.667],"y":[1,1]},"o":{"x":[0.975,0.975],"y":[0,0]},"t":40,"s":[100,100],"e":[0,0]},{"t":76}],"ix":3},"r":{"a":0,"k":-12.038,"ix":6},"o":{"a":0,"k":100,"ix":7},"sk":{"a":0,"k":0,"ix":4},"sa":{"a":0,"k":0,"ix":5},"nm":"Transform"}],"nm":"Layer 29 Outlines","np":1,"cix":2,"bm":0,"ix":28,"mn":"ADBE Vector Group","hd":false},{"ty":"gr","it":[{"ty":"gr","it":[{"ind":0,"ty":"sh","ix":1,"ks":{"a":0,"k":{"i":[[12.129,11.323],[-11.333,12.109],[-12.109,-11.314],[11.333,-12.114]],"o":[[-12.109,-11.359],[11.344,-12.113],[12.098,11.364],[-11.339,12.114]],"v":[[-20.532,21.925],[-21.925,-20.533],[20.532,-21.935],[21.925,20.533]],"c":true},"ix":2},"nm":"Path 1","mn":"ADBE Vector Shape - Group","hd":false},{"ty":"fl","c":{"a":0,"k":[1,1,1,1],"ix":4},"o":{"a":0,"k":100,"ix":5},"r":1,"bm":0,"nm":"Fill 1","mn":"ADBE Vector Graphic - Fill","hd":false},{"ty":"tr","p":{"a":0,"k":[33.508,33.499],"ix":2},"a":{"a":0,"k":[0,0],"ix":1},"s":{"a":0,"k":[100,100],"ix":3},"r":{"a":0,"k":0,"ix":6},"o":{"a":0,"k":100,"ix":7},"sk":{"a":0,"k":0,"ix":4},"sa":{"a":0,"k":0,"ix":5},"nm":"Transform"}],"nm":"Group 1","np":2,"cix":2,"bm":0,"ix":1,"mn":"ADBE Vector Group","hd":false},{"ty":"tr","p":{"a":0,"k":[541.143,801.366],"ix":2},"a":{"a":0,"k":[34,67],"ix":1},"s":{"a":1,"k":[{"i":{"x":[0.062,0.062],"y":[1,1]},"o":{"x":[0.333,0.333],"y":[0,0]},"t":7,"s":[0,0],"e":[100,100]},{"i":{"x":[0.667,0.667],"y":[1,1]},"o":{"x":[0.975,0.975],"y":[0,0]},"t":39,"s":[100,100],"e":[0,0]},{"t":75}],"ix":3},"r":{"a":0,"k":-12.038,"ix":6},"o":{"a":0,"k":100,"ix":7},"sk":{"a":0,"k":0,"ix":4},"sa":{"a":0,"k":0,"ix":5},"nm":"Transform"}],"nm":"Layer 30 Outlines","np":1,"cix":2,"bm":0,"ix":29,"mn":"ADBE Vector Group","hd":false},{"ty":"gr","it":[{"ty":"gr","it":[{"ind":0,"ty":"sh","ix":1,"ks":{"a":0,"k":{"i":[[14.317,13.379],[-13.378,14.292],[-14.297,-13.399],[13.393,-14.303]],"o":[[-14.297,-13.389],[13.385,-14.302],[14.287,13.4],[-13.384,14.292]],"v":[[-24.253,25.895],[-25.891,-24.238],[24.243,-25.876],[25.876,24.238]],"c":true},"ix":2},"nm":"Path 1","mn":"ADBE Vector Shape - Group","hd":false},{"ty":"fl","c":{"a":0,"k":[1,1,1,1],"ix":4},"o":{"a":0,"k":100,"ix":5},"r":1,"bm":0,"nm":"Fill 1","mn":"ADBE Vector Graphic - Fill","hd":false},{"ty":"tr","p":{"a":0,"k":[39.519,39.525],"ix":2},"a":{"a":0,"k":[0,0],"ix":1},"s":{"a":0,"k":[100,100],"ix":3},"r":{"a":0,"k":0,"ix":6},"o":{"a":0,"k":100,"ix":7},"sk":{"a":0,"k":0,"ix":4},"sa":{"a":0,"k":0,"ix":5},"nm":"Transform"}],"nm":"Group 1","np":2,"cix":2,"bm":0,"ix":1,"mn":"ADBE Vector Group","hd":false},{"ty":"tr","p":{"a":0,"k":[628.573,851.715],"ix":2},"a":{"a":0,"k":[40,80],"ix":1},"s":{"a":1,"k":[{"i":{"x":[0.062,0.062],"y":[1,1]},"o":{"x":[0.333,0.333],"y":[0,0]},"t":6,"s":[0,0],"e":[100,100]},{"i":{"x":[0.667,0.667],"y":[1,1]},"o":{"x":[0.975,0.975],"y":[0,0]},"t":38,"s":[100,100],"e":[0,0]},{"t":74}],"ix":3},"r":{"a":0,"k":-12.038,"ix":6},"o":{"a":0,"k":100,"ix":7},"sk":{"a":0,"k":0,"ix":4},"sa":{"a":0,"k":0,"ix":5},"nm":"Transform"}],"nm":"Layer 31 Outlines","np":1,"cix":2,"bm":0,"ix":30,"mn":"ADBE Vector Group","hd":false},{"ty":"gr","it":[{"ty":"gr","it":[{"ind":0,"ty":"sh","ix":1,"ks":{"a":0,"k":{"i":[[9.003,5.192],[-5.203,9.027],[-9.013,-5.182],[5.192,-9.012]],"o":[[-9.002,-5.182],[5.192,-9.008],[8.987,5.193],[-5.192,8.988]],"v":[[-9.395,16.304],[-16.301,-9.407],[9.411,-16.314],[16.312,9.408]],"c":true},"ix":2},"nm":"Path 1","mn":"ADBE Vector Shape - Group","hd":false},{"ty":"fl","c":{"a":0,"k":[1,1,1,1],"ix":4},"o":{"a":0,"k":100,"ix":5},"r":1,"bm":0,"nm":"Fill 1","mn":"ADBE Vector Graphic - Fill","hd":false},{"ty":"tr","p":{"a":0,"k":[21.754,21.746],"ix":2},"a":{"a":0,"k":[0,0],"ix":1},"s":{"a":0,"k":[100,100],"ix":3},"r":{"a":0,"k":0,"ix":6},"o":{"a":0,"k":100,"ix":7},"sk":{"a":0,"k":0,"ix":4},"sa":{"a":0,"k":0,"ix":5},"nm":"Transform"}],"nm":"Group 1","np":2,"cix":2,"bm":0,"ix":1,"mn":"ADBE Vector Group","hd":false},{"ty":"tr","p":{"a":0,"k":[447.703,548.381],"ix":2},"a":{"a":0,"k":[22,44],"ix":1},"s":{"a":1,"k":[{"i":{"x":[0.062,0.062],"y":[1,1]},"o":{"x":[0.333,0.333],"y":[0,0]},"t":5,"s":[0,0],"e":[100,100]},{"i":{"x":[0.667,0.667],"y":[1,1]},"o":{"x":[0.975,0.975],"y":[0,0]},"t":37,"s":[100,100],"e":[0,0]},{"t":73}],"ix":3},"r":{"a":0,"k":-12.038,"ix":6},"o":{"a":0,"k":100,"ix":7},"sk":{"a":0,"k":0,"ix":4},"sa":{"a":0,"k":0,"ix":5},"nm":"Transform"}],"nm":"Layer 32 Outlines","np":1,"cix":2,"bm":0,"ix":31,"mn":"ADBE Vector Group","hd":false},{"ty":"gr","it":[{"ty":"gr","it":[{"ind":0,"ty":"sh","ix":1,"ks":{"a":0,"k":{"i":[[10.481,6.039],[-6.044,10.502],[-10.487,-6.044],[6.034,-10.471]],"o":[[-10.497,-6.055],[6.049,-10.507],[10.461,6.034],[-6.044,10.528]],"v":[[-10.938,19],[-18.997,-10.956],[10.964,-18.995],[19.007,10.92]],"c":true},"ix":2},"nm":"Path 1","mn":"ADBE Vector Shape - Group","hd":false},{"ty":"fl","c":{"a":0,"k":[1,1,1,1],"ix":4},"o":{"a":0,"k":100,"ix":5},"r":1,"bm":0,"nm":"Fill 1","mn":"ADBE Vector Graphic - Fill","hd":false},{"ty":"tr","p":{"a":0,"k":[25.291,25.289],"ix":2},"a":{"a":0,"k":[0,0],"ix":1},"s":{"a":0,"k":[100,100],"ix":3},"r":{"a":0,"k":0,"ix":6},"o":{"a":0,"k":100,"ix":7},"sk":{"a":0,"k":0,"ix":4},"sa":{"a":0,"k":0,"ix":5},"nm":"Transform"}],"nm":"Group 1","np":2,"cix":2,"bm":0,"ix":1,"mn":"ADBE Vector Group","hd":false},{"ty":"tr","p":{"a":0,"k":[474.376,605.129],"ix":2},"a":{"a":0,"k":[25.5,51],"ix":1},"s":{"a":1,"k":[{"i":{"x":[0.062,0.062],"y":[1,1]},"o":{"x":[0.333,0.333],"y":[0,0]},"t":4,"s":[0,0],"e":[100,100]},{"i":{"x":[0.667,0.667],"y":[1,1]},"o":{"x":[0.975,0.975],"y":[0,0]},"t":36,"s":[100,100],"e":[0,0]},{"t":72}],"ix":3},"r":{"a":0,"k":-12.038,"ix":6},"o":{"a":0,"k":100,"ix":7},"sk":{"a":0,"k":0,"ix":4},"sa":{"a":0,"k":0,"ix":5},"nm":"Transform"}],"nm":"Layer 33 Outlines","np":1,"cix":2,"bm":0,"ix":32,"mn":"ADBE Vector Group","hd":false},{"ty":"gr","it":[{"ty":"gr","it":[{"ind":0,"ty":"sh","ix":1,"ks":{"a":0,"k":{"i":[[12.216,7.034],[-7.033,12.232],[-12.241,-7.049],[7.055,-12.221]],"o":[[-12.201,-7.054],[7.055,-12.195],[12.2,7.044],[-7.023,12.211]],"v":[[-12.752,22.128],[-22.122,-12.755],[12.756,-22.113],[22.1,12.753]],"c":true},"ix":2},"nm":"Path 1","mn":"ADBE Vector Shape - Group","hd":false},{"ty":"fl","c":{"a":0,"k":[1,1,1,1],"ix":4},"o":{"a":0,"k":100,"ix":5},"r":1,"bm":0,"nm":"Fill 1","mn":"ADBE Vector Graphic - Fill","hd":false},{"ty":"tr","p":{"a":0,"k":[29.405,29.413],"ix":2},"a":{"a":0,"k":[0,0],"ix":1},"s":{"a":0,"k":[100,100],"ix":3},"r":{"a":0,"k":0,"ix":6},"o":{"a":0,"k":100,"ix":7},"sk":{"a":0,"k":0,"ix":4},"sa":{"a":0,"k":0,"ix":5},"nm":"Transform"}],"nm":"Group 1","np":2,"cix":2,"bm":0,"ix":1,"mn":"ADBE Vector Group","hd":false},{"ty":"tr","p":{"a":0,"k":[518.086,663.398],"ix":2},"a":{"a":0,"k":[29.5,59],"ix":1},"s":{"a":1,"k":[{"i":{"x":[0.062,0.062],"y":[1,1]},"o":{"x":[0.333,0.333],"y":[0,0]},"t":3,"s":[0,0],"e":[100,100]},{"i":{"x":[0.667,0.667],"y":[1,1]},"o":{"x":[0.975,0.975],"y":[0,0]},"t":35,"s":[100,100],"e":[0,0]},{"t":71}],"ix":3},"r":{"a":0,"k":-12.038,"ix":6},"o":{"a":0,"k":100,"ix":7},"sk":{"a":0,"k":0,"ix":4},"sa":{"a":0,"k":0,"ix":5},"nm":"Transform"}],"nm":"Layer 34 Outlines","np":1,"cix":2,"bm":0,"ix":33,"mn":"ADBE Vector Group","hd":false},{"ty":"gr","it":[{"ty":"gr","it":[{"ind":0,"ty":"sh","ix":1,"ks":{"a":0,"k":{"i":[[14.313,8.218],[-8.238,14.323],[-14.292,-8.237],[8.252,-14.287]],"o":[[-14.308,-8.263],[8.247,-14.286],[14.286,8.248],[-8.223,14.333]],"v":[[-14.914,25.905],[-25.895,-14.92],[14.909,-25.886],[25.881,14.898]],"c":true},"ix":2},"nm":"Path 1","mn":"ADBE Vector Shape - Group","hd":false},{"ty":"fl","c":{"a":0,"k":[1,1,1,1],"ix":4},"o":{"a":0,"k":100,"ix":5},"r":1,"bm":0,"nm":"Fill 1","mn":"ADBE Vector Graphic - Fill","hd":false},{"ty":"tr","p":{"a":0,"k":[34.383,34.373],"ix":2},"a":{"a":0,"k":[0,0],"ix":1},"s":{"a":0,"k":[100,100],"ix":3},"r":{"a":0,"k":0,"ix":6},"o":{"a":0,"k":100,"ix":7},"sk":{"a":0,"k":0,"ix":4},"sa":{"a":0,"k":0,"ix":5},"nm":"Transform"}],"nm":"Group 1","np":2,"cix":2,"bm":0,"ix":1,"mn":"ADBE Vector Group","hd":false},{"ty":"tr","p":{"a":0,"k":[582.615,719.739],"ix":2},"a":{"a":0,"k":[34.5,69],"ix":1},"s":{"a":1,"k":[{"i":{"x":[0.062,0.062],"y":[1,1]},"o":{"x":[0.333,0.333],"y":[0,0]},"t":2,"s":[0,0],"e":[100,100]},{"i":{"x":[0.667,0.667],"y":[1,1]},"o":{"x":[0.975,0.975],"y":[0,0]},"t":34,"s":[100,100],"e":[0,0]},{"t":70}],"ix":3},"r":{"a":0,"k":-12.038,"ix":6},"o":{"a":0,"k":100,"ix":7},"sk":{"a":0,"k":0,"ix":4},"sa":{"a":0,"k":0,"ix":5},"nm":"Transform"}],"nm":"Layer 35 Outlines","np":1,"cix":2,"bm":0,"ix":34,"mn":"ADBE Vector Group","hd":false},{"ty":"gr","it":[{"ty":"gr","it":[{"ind":0,"ty":"sh","ix":1,"ks":{"a":0,"k":{"i":[[16.903,9.763],[-9.778,16.924],[-16.944,-9.731],[9.748,-16.898]],"o":[[-16.898,-9.727],[9.732,-16.899],[16.883,9.733],[-9.732,16.914]],"v":[[-17.612,30.596],[-30.588,-17.645],[17.673,-30.627],[30.618,17.63]],"c":true},"ix":2},"nm":"Path 1","mn":"ADBE Vector Shape - Group","hd":false},{"ty":"fl","c":{"a":0,"k":[1,1,1,1],"ix":4},"o":{"a":0,"k":100,"ix":5},"r":1,"bm":0,"nm":"Fill 1","mn":"ADBE Vector Graphic - Fill","hd":false},{"ty":"tr","p":{"a":0,"k":[40.616,40.608],"ix":2},"a":{"a":0,"k":[0,0],"ix":1},"s":{"a":0,"k":[100,100],"ix":3},"r":{"a":0,"k":0,"ix":6},"o":{"a":0,"k":100,"ix":7},"sk":{"a":0,"k":0,"ix":4},"sa":{"a":0,"k":0,"ix":5},"nm":"Transform"}],"nm":"Group 1","np":2,"cix":2,"bm":0,"ix":1,"mn":"ADBE Vector Group","hd":false},{"ty":"tr","p":{"a":0,"k":[669.612,768.125],"ix":2},"a":{"a":0,"k":[41,82],"ix":1},"s":{"a":1,"k":[{"i":{"x":[0.062,0.062],"y":[1,1]},"o":{"x":[0.333,0.333],"y":[0,0]},"t":1,"s":[0,0],"e":[100,100]},{"i":{"x":[0.667,0.667],"y":[1,1]},"o":{"x":[0.975,0.975],"y":[0,0]},"t":33,"s":[100,100],"e":[0,0]},{"t":69}],"ix":3},"r":{"a":0,"k":-12.038,"ix":6},"o":{"a":0,"k":100,"ix":7},"sk":{"a":0,"k":0,"ix":4},"sa":{"a":0,"k":0,"ix":5},"nm":"Transform"}],"nm":"Layer 36 Outlines","np":1,"cix":2,"bm":0,"ix":35,"mn":"ADBE Vector Group","hd":false},{"ty":"gr","it":[{"ty":"gr","it":[{"ind":0,"ty":"sh","ix":1,"ks":{"a":0,"k":{"i":[[19.969,11.527],[-11.507,19.959],[-19.984,-11.507],[11.507,-19.953]],"o":[[-19.969,-11.467],[11.522,-19.953],[19.953,11.506],[-11.522,19.969]],"v":[[-20.835,36.128],[-36.163,-20.837],[20.82,-36.147],[36.163,20.82]],"c":true},"ix":2},"nm":"Path 1","mn":"ADBE Vector Shape - Group","hd":false},{"ty":"fl","c":{"a":0,"k":[1,1,1,1],"ix":4},"o":{"a":0,"k":100,"ix":5},"r":1,"bm":0,"nm":"Fill 1","mn":"ADBE Vector Graphic - Fill","hd":false},{"ty":"tr","p":{"a":0,"k":[47.921,47.905],"ix":2},"a":{"a":0,"k":[0,0],"ix":1},"s":{"a":0,"k":[100,100],"ix":3},"r":{"a":0,"k":0,"ix":6},"o":{"a":0,"k":100,"ix":7},"sk":{"a":0,"k":0,"ix":4},"sa":{"a":0,"k":0,"ix":5},"nm":"Transform"}],"nm":"Group 1","np":2,"cix":2,"bm":0,"ix":1,"mn":"ADBE Vector Group","hd":false},{"ty":"tr","p":{"a":0,"k":[779.664,800.35],"ix":2},"a":{"a":0,"k":[48,96],"ix":1},"s":{"a":1,"k":[{"i":{"x":[0.062,0.062],"y":[1,1]},"o":{"x":[0.333,0.333],"y":[0,0]},"t":0,"s":[0,0],"e":[100,100]},{"i":{"x":[0.667,0.667],"y":[1,1]},"o":{"x":[0.975,0.975],"y":[0,0]},"t":32,"s":[100,100],"e":[0,0]},{"t":68}],"ix":3},"r":{"a":0,"k":-12.038,"ix":6},"o":{"a":0,"k":100,"ix":7},"sk":{"a":0,"k":0,"ix":4},"sa":{"a":0,"k":0,"ix":5},"nm":"Transform"}],"nm":"Layer 37 Outlines","np":1,"cix":2,"bm":0,"ix":36,"mn":"ADBE Vector Group","hd":false},{"ty":"gr","it":[{"ty":"gr","it":[{"ind":0,"ty":"sh","ix":1,"ks":{"a":0,"k":{"i":[[3.361,-6.916],[6.952,3.366],[-3.357,6.947],[-6.952,-3.357]],"o":[[-3.361,6.963],[-6.932,-3.357],[3.361,-6.948],[6.947,3.366]],"v":[[12.594,6.067],[-6.095,12.581],[-12.598,-6.087],[6.09,-12.59]],"c":true},"ix":2},"nm":"Path 1","mn":"ADBE Vector Shape - Group","hd":false},{"ty":"fl","c":{"a":0,"k":[1,1,1,1],"ix":4},"o":{"a":0,"k":100,"ix":5},"r":1,"bm":0,"nm":"Fill 1","mn":"ADBE Vector Graphic - Fill","hd":false},{"ty":"tr","p":{"a":0,"k":[16.204,16.197],"ix":2},"a":{"a":0,"k":[0,0],"ix":1},"s":{"a":0,"k":[100,100],"ix":3},"r":{"a":0,"k":0,"ix":6},"o":{"a":0,"k":100,"ix":7},"sk":{"a":0,"k":0,"ix":4},"sa":{"a":0,"k":0,"ix":5},"nm":"Transform"}],"nm":"Group 1","np":2,"cix":2,"bm":0,"ix":1,"mn":"ADBE Vector Group","hd":false},{"ty":"tr","p":{"a":0,"k":[672.734,616.447],"ix":2},"a":{"a":0,"k":[33,0],"ix":1},"s":{"a":1,"k":[{"i":{"x":[0.062,0.062],"y":[1,1]},"o":{"x":[0.333,0.333],"y":[0,0]},"t":18,"s":[0,0],"e":[100,100]},{"i":{"x":[0.667,0.667],"y":[1,1]},"o":{"x":[0.975,0.975],"y":[0,0]},"t":50,"s":[100,100],"e":[0,0]},{"t":86}],"ix":3},"r":{"a":0,"k":-12.038,"ix":6},"o":{"a":0,"k":100,"ix":7},"sk":{"a":0,"k":0,"ix":4},"sa":{"a":0,"k":0,"ix":5},"nm":"Transform"}],"nm":"Layer 38 Outlines","np":1,"cix":2,"bm":0,"ix":37,"mn":"ADBE Vector Group","hd":false},{"ty":"gr","it":[{"ty":"gr","it":[{"ind":0,"ty":"sh","ix":1,"ks":{"a":0,"k":{"i":[[3.963,-8.202],[8.192,3.963],[-3.964,8.177],[-8.191,-3.963]],"o":[[-3.947,8.187],[-8.186,-3.944],[3.968,-8.166],[8.203,3.958]],"v":[[14.815,7.174],[-7.164,14.815],[-14.814,-7.175],[7.174,-14.815]],"c":true},"ix":2},"nm":"Path 1","mn":"ADBE Vector Shape - Group","hd":false},{"ty":"fl","c":{"a":0,"k":[1,1,1,1],"ix":4},"o":{"a":0,"k":100,"ix":5},"r":1,"bm":0,"nm":"Fill 1","mn":"ADBE Vector Graphic - Fill","hd":false},{"ty":"tr","p":{"a":0,"k":[19.028,19.028],"ix":2},"a":{"a":0,"k":[0,0],"ix":1},"s":{"a":0,"k":[100,100],"ix":3},"r":{"a":0,"k":0,"ix":6},"o":{"a":0,"k":100,"ix":7},"sk":{"a":0,"k":0,"ix":4},"sa":{"a":0,"k":0,"ix":5},"nm":"Transform"}],"nm":"Group 1","np":2,"cix":2,"bm":0,"ix":1,"mn":"ADBE Vector Group","hd":false},{"ty":"tr","p":{"a":0,"k":[711.155,591.741],"ix":2},"a":{"a":0,"k":[39,0],"ix":1},"s":{"a":1,"k":[{"i":{"x":[0.062,0.062],"y":[1,1]},"o":{"x":[0.333,0.333],"y":[0,0]},"t":17,"s":[0,0],"e":[100,100]},{"i":{"x":[0.667,0.667],"y":[1,1]},"o":{"x":[0.975,0.975],"y":[0,0]},"t":49,"s":[100,100],"e":[0,0]},{"t":85}],"ix":3},"r":{"a":0,"k":-12.038,"ix":6},"o":{"a":0,"k":100,"ix":7},"sk":{"a":0,"k":0,"ix":4},"sa":{"a":0,"k":0,"ix":5},"nm":"Transform"}],"nm":"Layer 39 Outlines","np":1,"cix":2,"bm":0,"ix":38,"mn":"ADBE Vector Group","hd":false},{"ty":"gr","it":[{"ty":"gr","it":[{"ind":0,"ty":"sh","ix":1,"ks":{"a":0,"k":{"i":[[4.636,-9.595],[9.59,4.611],[-4.621,9.584],[-9.558,-4.622]],"o":[[-4.647,9.584],[-9.584,-4.631],[4.657,-9.574],[9.584,4.641]],"v":[[17.348,8.414],[-8.391,17.37],[-17.362,-8.403],[8.38,-17.359]],"c":true},"ix":2},"nm":"Path 1","mn":"ADBE Vector Shape - Group","hd":false},{"ty":"fl","c":{"a":0,"k":[1,1,1,1],"ix":4},"o":{"a":0,"k":100,"ix":5},"r":1,"bm":0,"nm":"Fill 1","mn":"ADBE Vector Graphic - Fill","hd":false},{"ty":"tr","p":{"a":0,"k":[22.233,22.231],"ix":2},"a":{"a":0,"k":[0,0],"ix":1},"s":{"a":0,"k":[100,100],"ix":3},"r":{"a":0,"k":0,"ix":6},"o":{"a":0,"k":100,"ix":7},"sk":{"a":0,"k":0,"ix":4},"sa":{"a":0,"k":0,"ix":5},"nm":"Transform"}],"nm":"Group 1","np":2,"cix":2,"bm":0,"ix":1,"mn":"ADBE Vector Group","hd":false},{"ty":"tr","p":{"a":0,"k":[752.175,549.519],"ix":2},"a":{"a":0,"k":[45,0],"ix":1},"s":{"a":1,"k":[{"i":{"x":[0.062,0.062],"y":[1,1]},"o":{"x":[0.333,0.333],"y":[0,0]},"t":16,"s":[0,0],"e":[100,100]},{"i":{"x":[0.667,0.667],"y":[1,1]},"o":{"x":[0.975,0.975],"y":[0,0]},"t":48,"s":[100,100],"e":[0,0]},{"t":84}],"ix":3},"r":{"a":0,"k":-12.038,"ix":6},"o":{"a":0,"k":100,"ix":7},"sk":{"a":0,"k":0,"ix":4},"sa":{"a":0,"k":0,"ix":5},"nm":"Transform"}],"nm":"Layer 40 Outlines","np":1,"cix":2,"bm":0,"ix":39,"mn":"ADBE Vector Group","hd":false},{"ty":"gr","it":[{"ty":"gr","it":[{"ind":0,"ty":"sh","ix":1,"ks":{"a":0,"k":{"i":[[5.346,-11.033],[11.043,5.335],[-5.351,11.063],[-11.018,-5.365]],"o":[[-5.335,11.042],[-11.027,-5.33],[5.335,-11.028],[11.057,5.336]],"v":[[19.982,9.686],[-9.684,19.99],[-19.976,-9.665],[9.663,-19.96]],"c":true},"ix":2},"nm":"Path 1","mn":"ADBE Vector Shape - Group","hd":false},{"ty":"fl","c":{"a":0,"k":[1,1,1,1],"ix":4},"o":{"a":0,"k":100,"ix":5},"r":1,"bm":0,"nm":"Fill 1","mn":"ADBE Vector Graphic - Fill","hd":false},{"ty":"tr","p":{"a":0,"k":[25.577,25.574],"ix":2},"a":{"a":0,"k":[0,0],"ix":1},"s":{"a":0,"k":[100,100],"ix":3},"r":{"a":0,"k":0,"ix":6},"o":{"a":0,"k":100,"ix":7},"sk":{"a":0,"k":0,"ix":4},"sa":{"a":0,"k":0,"ix":5},"nm":"Transform"}],"nm":"Group 1","np":2,"cix":2,"bm":0,"ix":1,"mn":"ADBE Vector Group","hd":false},{"ty":"tr","p":{"a":0,"k":[791.756,490.377],"ix":2},"a":{"a":0,"k":[52,0],"ix":1},"s":{"a":1,"k":[{"i":{"x":[0.062,0.062],"y":[1,1]},"o":{"x":[0.333,0.333],"y":[0,0]},"t":15,"s":[0,0],"e":[100,100]},{"i":{"x":[0.667,0.667],"y":[1,1]},"o":{"x":[0.975,0.975],"y":[0,0]},"t":47,"s":[100,100],"e":[0,0]},{"t":83}],"ix":3},"r":{"a":0,"k":-12.038,"ix":6},"o":{"a":0,"k":100,"ix":7},"sk":{"a":0,"k":0,"ix":4},"sa":{"a":0,"k":0,"ix":5},"nm":"Transform"}],"nm":"Layer 41 Outlines","np":1,"cix":2,"bm":0,"ix":40,"mn":"ADBE Vector Group","hd":false},{"ty":"gr","it":[{"ty":"gr","it":[{"ind":0,"ty":"sh","ix":1,"ks":{"a":0,"k":{"i":[[6.202,-12.762],[12.787,6.191],[-6.152,12.778],[-12.778,-6.152]],"o":[[-6.208,12.792],[-12.787,-6.167],[6.207,-12.771],[12.792,6.192]],"v":[[23.111,11.176],[-11.206,23.112],[-23.161,-11.206],[11.171,-23.151]],"c":true},"ix":2},"nm":"Path 1","mn":"ADBE Vector Shape - Group","hd":false},{"ty":"fl","c":{"a":0,"k":[1,1,1,1],"ix":4},"o":{"a":0,"k":100,"ix":5},"r":1,"bm":0,"nm":"Fill 1","mn":"ADBE Vector Graphic - Fill","hd":false},{"ty":"tr","p":{"a":0,"k":[29.563,29.553],"ix":2},"a":{"a":0,"k":[0,0],"ix":1},"s":{"a":0,"k":[100,100],"ix":3},"r":{"a":0,"k":0,"ix":6},"o":{"a":0,"k":100,"ix":7},"sk":{"a":0,"k":0,"ix":4},"sa":{"a":0,"k":0,"ix":5},"nm":"Transform"}],"nm":"Group 1","np":2,"cix":2,"bm":0,"ix":1,"mn":"ADBE Vector Group","hd":false},{"ty":"tr","p":{"a":0,"k":[822.822,416.149],"ix":2},"a":{"a":0,"k":[60,0],"ix":1},"s":{"a":1,"k":[{"i":{"x":[0.062,0.062],"y":[1,1]},"o":{"x":[0.333,0.333],"y":[0,0]},"t":14,"s":[0,0],"e":[100,100]},{"i":{"x":[0.667,0.667],"y":[1,1]},"o":{"x":[0.975,0.975],"y":[0,0]},"t":46,"s":[100,100],"e":[0,0]},{"t":82}],"ix":3},"r":{"a":0,"k":-12.038,"ix":6},"o":{"a":0,"k":100,"ix":7},"sk":{"a":0,"k":0,"ix":4},"sa":{"a":0,"k":0,"ix":5},"nm":"Transform"}],"nm":"Layer 42 Outlines","np":1,"cix":2,"bm":0,"ix":41,"mn":"ADBE Vector Group","hd":false},{"ty":"gr","it":[{"ty":"gr","it":[{"ind":0,"ty":"sh","ix":1,"ks":{"a":0,"k":{"i":[[7.273,-15.006],[15.001,7.268],[-7.278,15.026],[-15.031,-7.254]],"o":[[-7.264,15.021],[-15.026,-7.263],[7.249,-14.996],[15.001,7.283]],"v":[[27.179,13.157],[-13.157,27.184],[-27.174,-13.172],[13.147,-27.198]],"c":true},"ix":2},"nm":"Path 1","mn":"ADBE Vector Shape - Group","hd":false},{"ty":"fl","c":{"a":0,"k":[1,1,1,1],"ix":4},"o":{"a":0,"k":100,"ix":5},"r":1,"bm":0,"nm":"Fill 1","mn":"ADBE Vector Graphic - Fill","hd":false},{"ty":"tr","p":{"a":0,"k":[34.702,34.702],"ix":2},"a":{"a":0,"k":[0,0],"ix":1},"s":{"a":0,"k":[100,100],"ix":3},"r":{"a":0,"k":0,"ix":6},"o":{"a":0,"k":100,"ix":7},"sk":{"a":0,"k":0,"ix":4},"sa":{"a":0,"k":0,"ix":5},"nm":"Transform"}],"nm":"Group 1","np":2,"cix":2,"bm":0,"ix":1,"mn":"ADBE Vector Group","hd":false},{"ty":"tr","p":{"a":0,"k":[841.632,325.227],"ix":2},"a":{"a":0,"k":[70,0],"ix":1},"s":{"a":1,"k":[{"i":{"x":[0.062,0.062],"y":[1,1]},"o":{"x":[0.333,0.333],"y":[0,0]},"t":13,"s":[0,0],"e":[100,100]},{"i":{"x":[0.667,0.667],"y":[1,1]},"o":{"x":[0.975,0.975],"y":[0,0]},"t":45,"s":[100,100],"e":[0,0]},{"t":81}],"ix":3},"r":{"a":0,"k":-12.038,"ix":6},"o":{"a":0,"k":100,"ix":7},"sk":{"a":0,"k":0,"ix":4},"sa":{"a":0,"k":0,"ix":5},"nm":"Transform"}],"nm":"Layer 43 Outlines","np":1,"cix":2,"bm":0,"ix":42,"mn":"ADBE Vector Group","hd":false},{"ty":"gr","it":[{"ty":"gr","it":[{"ind":0,"ty":"sh","ix":1,"ks":{"a":0,"k":{"i":[[2.004,-8.614],[8.593,2],[-2.014,8.62],[-8.585,-2.005]],"o":[[-2.021,8.605],[-8.611,-2.036],[2.02,-8.595],[8.62,2.029]],"v":[[15.593,3.661],[-3.641,15.597],[-15.583,-3.652],[3.631,-15.593]],"c":true},"ix":2},"nm":"Path 1","mn":"ADBE Vector Shape - Group","hd":false},{"ty":"fl","c":{"a":0,"k":[1,1,1,1],"ix":4},"o":{"a":0,"k":100,"ix":5},"r":1,"bm":0,"nm":"Fill 1","mn":"ADBE Vector Graphic - Fill","hd":false},{"ty":"tr","p":{"a":0,"k":[17.846,17.848],"ix":2},"a":{"a":0,"k":[0,0],"ix":1},"s":{"a":0,"k":[100,100],"ix":3},"r":{"a":0,"k":0,"ix":6},"o":{"a":0,"k":100,"ix":7},"sk":{"a":0,"k":0,"ix":4},"sa":{"a":0,"k":0,"ix":5},"nm":"Transform"}],"nm":"Group 1","np":2,"cix":2,"bm":0,"ix":1,"mn":"ADBE Vector Group","hd":false},{"ty":"tr","p":{"a":0,"k":[646.964,557.517],"ix":2},"a":{"a":0,"k":[36,0],"ix":1},"s":{"a":1,"k":[{"i":{"x":[0.062,0.062],"y":[1,1]},"o":{"x":[0.333,0.333],"y":[0,0]},"t":12,"s":[0,0],"e":[100,100]},{"i":{"x":[0.667,0.667],"y":[1,1]},"o":{"x":[0.975,0.975],"y":[0,0]},"t":44,"s":[100,100],"e":[0,0]},{"t":80}],"ix":3},"r":{"a":0,"k":-12.038,"ix":6},"o":{"a":0,"k":100,"ix":7},"sk":{"a":0,"k":0,"ix":4},"sa":{"a":0,"k":0,"ix":5},"nm":"Transform"}],"nm":"Layer 44 Outlines","np":1,"cix":2,"bm":0,"ix":43,"mn":"ADBE Vector Group","hd":false},{"ty":"gr","it":[{"ty":"gr","it":[{"ind":0,"ty":"sh","ix":1,"ks":{"a":0,"k":{"i":[[2.347,-10.038],[10.024,2.367],[-2.336,10.039],[-10.022,-2.361]],"o":[[-2.352,10.007],[-10.017,-2.336],[2.336,-9.997],[10.033,2.341]],"v":[[18.132,4.248],[-4.25,18.137],[-18.143,-4.27],[4.248,-18.144]],"c":true},"ix":2},"nm":"Path 1","mn":"ADBE Vector Shape - Group","hd":false},{"ty":"fl","c":{"a":0,"k":[1,1,1,1],"ix":4},"o":{"a":0,"k":100,"ix":5},"r":1,"bm":0,"nm":"Fill 1","mn":"ADBE Vector Graphic - Fill","hd":false},{"ty":"tr","p":{"a":0,"k":[20.729,20.755],"ix":2},"a":{"a":0,"k":[0,0],"ix":1},"s":{"a":0,"k":[100,100],"ix":3},"r":{"a":0,"k":0,"ix":6},"o":{"a":0,"k":100,"ix":7},"sk":{"a":0,"k":0,"ix":4},"sa":{"a":0,"k":0,"ix":5},"nm":"Transform"}],"nm":"Group 1","np":2,"cix":2,"bm":0,"ix":1,"mn":"ADBE Vector Group","hd":false},{"ty":"tr","p":{"a":0,"k":[686.904,517.708],"ix":2},"a":{"a":0,"k":[42,0],"ix":1},"s":{"a":1,"k":[{"i":{"x":[0.062,0.062],"y":[1,1]},"o":{"x":[0.333,0.333],"y":[0,0]},"t":11,"s":[0,0],"e":[100,100]},{"i":{"x":[0.667,0.667],"y":[1,1]},"o":{"x":[0.975,0.975],"y":[0,0]},"t":43,"s":[100,100],"e":[0,0]},{"t":79}],"ix":3},"r":{"a":0,"k":-12.038,"ix":6},"o":{"a":0,"k":100,"ix":7},"sk":{"a":0,"k":0,"ix":4},"sa":{"a":0,"k":0,"ix":5},"nm":"Transform"}],"nm":"Layer 45 Outlines","np":1,"cix":2,"bm":0,"ix":44,"mn":"ADBE Vector Group","hd":false},{"ty":"gr","it":[{"ty":"gr","it":[{"ind":0,"ty":"sh","ix":1,"ks":{"a":0,"k":{"i":[[2.719,-11.66],[11.681,2.723],[-2.744,11.665],[-11.675,-2.749]],"o":[[-2.754,11.686],[-11.665,-2.75],[2.703,-11.67],[11.665,2.729]],"v":[[21.139,4.957],[-4.94,21.138],[-21.114,-4.932],[4.945,-21.112]],"c":true},"ix":2},"nm":"Path 1","mn":"ADBE Vector Shape - Group","hd":false},{"ty":"fl","c":{"a":0,"k":[1,1,1,1],"ix":4},"o":{"a":0,"k":100,"ix":5},"r":1,"bm":0,"nm":"Fill 1","mn":"ADBE Vector Graphic - Fill","hd":false},{"ty":"tr","p":{"a":0,"k":[24.108,24.111],"ix":2},"a":{"a":0,"k":[0,0],"ix":1},"s":{"a":0,"k":[100,100],"ix":3},"r":{"a":0,"k":0,"ix":6},"o":{"a":0,"k":100,"ix":7},"sk":{"a":0,"k":0,"ix":4},"sa":{"a":0,"k":0,"ix":5},"nm":"Transform"}],"nm":"Group 1","np":2,"cix":2,"bm":0,"ix":1,"mn":"ADBE Vector Group","hd":false},{"ty":"tr","p":{"a":0,"k":[723.994,463.027],"ix":2},"a":{"a":0,"k":[49,0],"ix":1},"s":{"a":1,"k":[{"i":{"x":[0.062,0.062],"y":[1,1]},"o":{"x":[0.333,0.333],"y":[0,0]},"t":10,"s":[0,0],"e":[100,100]},{"i":{"x":[0.667,0.667],"y":[1,1]},"o":{"x":[0.975,0.975],"y":[0,0]},"t":42,"s":[100,100],"e":[0,0]},{"t":78}],"ix":3},"r":{"a":0,"k":-12.038,"ix":6},"o":{"a":0,"k":100,"ix":7},"sk":{"a":0,"k":0,"ix":4},"sa":{"a":0,"k":0,"ix":5},"nm":"Transform"}],"nm":"Layer 46 Outlines","np":1,"cix":2,"bm":0,"ix":45,"mn":"ADBE Vector Group","hd":false},{"ty":"gr","it":[{"ty":"gr","it":[{"ind":0,"ty":"sh","ix":1,"ks":{"a":0,"k":{"i":[[3.218,-13.669],[13.665,3.203],[-3.194,13.675],[-13.654,-3.188]],"o":[[-3.188,13.645],[-13.638,-3.198],[3.177,-13.649],[13.655,3.188]],"v":[[24.711,5.794],[-5.807,24.712],[-24.734,-5.799],[5.782,-24.727]],"c":true},"ix":2},"nm":"Path 1","mn":"ADBE Vector Shape - Group","hd":false},{"ty":"fl","c":{"a":0,"k":[1,1,1,1],"ix":4},"o":{"a":0,"k":100,"ix":5},"r":1,"bm":0,"nm":"Fill 1","mn":"ADBE Vector Graphic - Fill","hd":false},{"ty":"tr","p":{"a":0,"k":[28.178,28.165],"ix":2},"a":{"a":0,"k":[0,0],"ix":1},"s":{"a":0,"k":[100,100],"ix":3},"r":{"a":0,"k":0,"ix":6},"o":{"a":0,"k":100,"ix":7},"sk":{"a":0,"k":0,"ix":4},"sa":{"a":0,"k":0,"ix":5},"nm":"Transform"}],"nm":"Group 1","np":2,"cix":2,"bm":0,"ix":1,"mn":"ADBE Vector Group","hd":false},{"ty":"tr","p":{"a":0,"k":[753.651,391.589],"ix":2},"a":{"a":0,"k":[57,0],"ix":1},"s":{"a":1,"k":[{"i":{"x":[0.062,0.062],"y":[1,1]},"o":{"x":[0.333,0.333],"y":[0,0]},"t":9,"s":[0,0],"e":[100,100]},{"i":{"x":[0.667,0.667],"y":[1,1]},"o":{"x":[0.975,0.975],"y":[0,0]},"t":41,"s":[100,100],"e":[0,0]},{"t":77}],"ix":3},"r":{"a":0,"k":-12.038,"ix":6},"o":{"a":0,"k":100,"ix":7},"sk":{"a":0,"k":0,"ix":4},"sa":{"a":0,"k":0,"ix":5},"nm":"Transform"}],"nm":"Layer 47 Outlines","np":1,"cix":2,"bm":0,"ix":46,"mn":"ADBE Vector Group","hd":false},{"ty":"gr","it":[{"ty":"gr","it":[{"ind":0,"ty":"sh","ix":1,"ks":{"a":0,"k":{"i":[[3.779,-16.148],[16.179,3.805],[-3.79,16.144],[-16.118,-3.795]],"o":[[-3.79,16.148],[-16.133,-3.769],[3.769,-16.143],[16.163,3.795]],"v":[[29.247,6.853],[-6.87,29.229],[-29.236,-6.853],[6.825,-29.239]],"c":true},"ix":2},"nm":"Path 1","mn":"ADBE Vector Shape - Group","hd":false},{"ty":"fl","c":{"a":0,"k":[1,1,1,1],"ix":4},"o":{"a":0,"k":100,"ix":5},"r":1,"bm":0,"nm":"Fill 1","mn":"ADBE Vector Graphic - Fill","hd":false},{"ty":"tr","p":{"a":0,"k":[33.276,33.284],"ix":2},"a":{"a":0,"k":[0,0],"ix":1},"s":{"a":0,"k":[100,100],"ix":3},"r":{"a":0,"k":0,"ix":6},"o":{"a":0,"k":100,"ix":7},"sk":{"a":0,"k":0,"ix":4},"sa":{"a":0,"k":0,"ix":5},"nm":"Transform"}],"nm":"Group 1","np":2,"cix":2,"bm":0,"ix":1,"mn":"ADBE Vector Group","hd":false},{"ty":"tr","p":{"a":0,"k":[770.806,303.06],"ix":2},"a":{"a":0,"k":[67,0],"ix":1},"s":{"a":1,"k":[{"i":{"x":[0.062,0.062],"y":[1,1]},"o":{"x":[0.333,0.333],"y":[0,0]},"t":8,"s":[0,0],"e":[100,100]},{"i":{"x":[0.667,0.667],"y":[1,1]},"o":{"x":[0.975,0.975],"y":[0,0]},"t":40,"s":[100,100],"e":[0,0]},{"t":76}],"ix":3},"r":{"a":0,"k":-12.038,"ix":6},"o":{"a":0,"k":100,"ix":7},"sk":{"a":0,"k":0,"ix":4},"sa":{"a":0,"k":0,"ix":5},"nm":"Transform"}],"nm":"Layer 48 Outlines","np":1,"cix":2,"bm":0,"ix":47,"mn":"ADBE Vector Group","hd":false},{"ty":"gr","it":[{"ty":"gr","it":[{"ind":0,"ty":"sh","ix":1,"ks":{"a":0,"k":{"i":[[4.453,-19.056],[19.087,4.453],[-4.479,19.076],[-19.071,-4.463]],"o":[[-4.458,19.076],[-19.07,-4.468],[4.472,-19.077],[19.076,4.473]],"v":[[34.546,8.066],[-8.085,34.539],[-34.52,-8.081],[8.095,-34.529]],"c":true},"ix":2},"nm":"Path 1","mn":"ADBE Vector Shape - Group","hd":false},{"ty":"fl","c":{"a":0,"k":[1,1,1,1],"ix":4},"o":{"a":0,"k":100,"ix":5},"r":1,"bm":0,"nm":"Fill 1","mn":"ADBE Vector Graphic - Fill","hd":false},{"ty":"tr","p":{"a":0,"k":[39.249,39.242],"ix":2},"a":{"a":0,"k":[0,0],"ix":1},"s":{"a":0,"k":[100,100],"ix":3},"r":{"a":0,"k":0,"ix":6},"o":{"a":0,"k":100,"ix":7},"sk":{"a":0,"k":0,"ix":4},"sa":{"a":0,"k":0,"ix":5},"nm":"Transform"}],"nm":"Group 1","np":2,"cix":2,"bm":0,"ix":1,"mn":"ADBE Vector Group","hd":false},{"ty":"tr","p":{"a":0,"k":[770.323,197.771],"ix":2},"a":{"a":0,"k":[79,0],"ix":1},"s":{"a":1,"k":[{"i":{"x":[0.062,0.062],"y":[1,1]},"o":{"x":[0.333,0.333],"y":[0,0]},"t":7,"s":[0,0],"e":[100,100]},{"i":{"x":[0.667,0.667],"y":[1,1]},"o":{"x":[0.975,0.975],"y":[0,0]},"t":39,"s":[100,100],"e":[0,0]},{"t":75}],"ix":3},"r":{"a":0,"k":-12.038,"ix":6},"o":{"a":0,"k":100,"ix":7},"sk":{"a":0,"k":0,"ix":4},"sa":{"a":0,"k":0,"ix":5},"nm":"Transform"}],"nm":"Layer 49 Outlines","np":1,"cix":2,"bm":0,"ix":48,"mn":"ADBE Vector Group","hd":false},{"ty":"gr","it":[{"ty":"gr","it":[{"ind":0,"ty":"sh","ix":1,"ks":{"a":0,"k":{"i":[[0,-10.396],[10.41,0],[0,10.42],[-10.394,0]],"o":[[0,10.42],[-10.394,0],[0,-10.396],[10.41,0]],"v":[[18.822,-0.013],[-0.016,18.828],[-18.822,-0.013],[-0.016,-18.828]],"c":true},"ix":2},"nm":"Path 1","mn":"ADBE Vector Shape - Group","hd":false},{"ty":"fl","c":{"a":0,"k":[1,1,1,1],"ix":4},"o":{"a":0,"k":100,"ix":5},"r":1,"bm":0,"nm":"Fill 1","mn":"ADBE Vector Graphic - Fill","hd":false},{"ty":"tr","p":{"a":0,"k":[19.072,19.079],"ix":2},"a":{"a":0,"k":[0,0],"ix":1},"s":{"a":0,"k":[100,100],"ix":3},"r":{"a":0,"k":0,"ix":6},"o":{"a":0,"k":100,"ix":7},"sk":{"a":0,"k":0,"ix":4},"sa":{"a":0,"k":0,"ix":5},"nm":"Transform"}],"nm":"Group 1","np":2,"cix":2,"bm":0,"ix":1,"mn":"ADBE Vector Group","hd":false},{"ty":"tr","p":{"a":0,"k":[595.428,522.669],"ix":2},"a":{"a":0,"k":[39,0],"ix":1},"s":{"a":1,"k":[{"i":{"x":[0.062,0.062],"y":[1,1]},"o":{"x":[0.333,0.333],"y":[0,0]},"t":6,"s":[0,0],"e":[100,100]},{"i":{"x":[0.667,0.667],"y":[1,1]},"o":{"x":[0.975,0.975],"y":[0,0]},"t":38,"s":[100,100],"e":[0,0]},{"t":74}],"ix":3},"r":{"a":0,"k":-12.038,"ix":6},"o":{"a":0,"k":100,"ix":7},"sk":{"a":0,"k":0,"ix":4},"sa":{"a":0,"k":0,"ix":5},"nm":"Transform"}],"nm":"Layer 50 Outlines","np":1,"cix":2,"bm":0,"ix":49,"mn":"ADBE Vector Group","hd":false},{"ty":"gr","it":[{"ty":"gr","it":[{"ind":0,"ty":"sh","ix":1,"ks":{"a":0,"k":{"i":[[0,-12.109],[12.093,0],[0,12.113],[-12.125,0]],"o":[[0,12.113],[-12.125,0],[0,-12.109],[12.093,0]],"v":[[21.923,0.013],[0.026,21.93],[-21.923,0.013],[0.026,-21.93]],"c":true},"ix":2},"nm":"Path 1","mn":"ADBE Vector Shape - Group","hd":false},{"ty":"fl","c":{"a":0,"k":[1,1,1,1],"ix":4},"o":{"a":0,"k":100,"ix":5},"r":1,"bm":0,"nm":"Fill 1","mn":"ADBE Vector Graphic - Fill","hd":false},{"ty":"tr","p":{"a":0,"k":[22.173,22.18],"ix":2},"a":{"a":0,"k":[0,0],"ix":1},"s":{"a":0,"k":[100,100],"ix":3},"r":{"a":0,"k":0,"ix":6},"o":{"a":0,"k":100,"ix":7},"sk":{"a":0,"k":0,"ix":4},"sa":{"a":0,"k":0,"ix":5},"nm":"Transform"}],"nm":"Group 1","np":2,"cix":2,"bm":0,"ix":1,"mn":"ADBE Vector Group","hd":false},{"ty":"tr","p":{"a":0,"k":[630.798,469.034],"ix":2},"a":{"a":0,"k":[45,0],"ix":1},"s":{"a":1,"k":[{"i":{"x":[0.062,0.062],"y":[1,1]},"o":{"x":[0.333,0.333],"y":[0,0]},"t":5,"s":[0,0],"e":[100,100]},{"i":{"x":[0.667,0.667],"y":[1,1]},"o":{"x":[0.975,0.975],"y":[0,0]},"t":37,"s":[100,100],"e":[0,0]},{"t":73}],"ix":3},"r":{"a":0,"k":-12.038,"ix":6},"o":{"a":0,"k":100,"ix":7},"sk":{"a":0,"k":0,"ix":4},"sa":{"a":0,"k":0,"ix":5},"nm":"Transform"}],"nm":"Layer 51 Outlines","np":1,"cix":2,"bm":0,"ix":50,"mn":"ADBE Vector Group","hd":false},{"ty":"gr","it":[{"ty":"gr","it":[{"ind":0,"ty":"sh","ix":1,"ks":{"a":0,"k":{"i":[[0,-14.083],[14.082,0],[0,14.088],[-14.099,0]],"o":[[0,14.088],[-14.099,0],[0,-14.083],[14.082,0]],"v":[[25.534,-0.005],[0.01,25.528],[-25.534,-0.005],[0.01,-25.528]],"c":true},"ix":2},"nm":"Path 1","mn":"ADBE Vector Shape - Group","hd":false},{"ty":"fl","c":{"a":0,"k":[1,1,1,1],"ix":4},"o":{"a":0,"k":100,"ix":5},"r":1,"bm":0,"nm":"Fill 1","mn":"ADBE Vector Graphic - Fill","hd":false},{"ty":"tr","p":{"a":0,"k":[25.784,25.778],"ix":2},"a":{"a":0,"k":[0,0],"ix":1},"s":{"a":0,"k":[100,100],"ix":3},"r":{"a":0,"k":0,"ix":6},"o":{"a":0,"k":100,"ix":7},"sk":{"a":0,"k":0,"ix":4},"sa":{"a":0,"k":0,"ix":5},"nm":"Transform"}],"nm":"Group 1","np":2,"cix":2,"bm":0,"ix":1,"mn":"ADBE Vector Group","hd":false},{"ty":"tr","p":{"a":0,"k":[659.063,399.416],"ix":2},"a":{"a":0,"k":[52,0],"ix":1},"s":{"a":1,"k":[{"i":{"x":[0.062,0.062],"y":[1,1]},"o":{"x":[0.333,0.333],"y":[0,0]},"t":4,"s":[0,0],"e":[100,100]},{"i":{"x":[0.667,0.667],"y":[1,1]},"o":{"x":[0.975,0.975],"y":[0,0]},"t":36,"s":[100,100],"e":[0,0]},{"t":72}],"ix":3},"r":{"a":0,"k":-12.038,"ix":6},"o":{"a":0,"k":100,"ix":7},"sk":{"a":0,"k":0,"ix":4},"sa":{"a":0,"k":0,"ix":5},"nm":"Transform"}],"nm":"Layer 52 Outlines","np":1,"cix":2,"bm":0,"ix":51,"mn":"ADBE Vector Group","hd":false},{"ty":"gr","it":[{"ty":"gr","it":[{"ind":0,"ty":"sh","ix":1,"ks":{"a":0,"k":{"i":[[0,-16.506],[16.49,0],[0,16.505],[-16.501,0]],"o":[[0,16.505],[-16.501,0],[0,-16.506],[16.49,0]],"v":[[29.875,0.005],[0.005,29.879],[-29.875,0.005],[0.005,-29.879]],"c":true},"ix":2},"nm":"Path 1","mn":"ADBE Vector Shape - Group","hd":false},{"ty":"fl","c":{"a":0,"k":[1,1,1,1],"ix":4},"o":{"a":0,"k":100,"ix":5},"r":1,"bm":0,"nm":"Fill 1","mn":"ADBE Vector Graphic - Fill","hd":false},{"ty":"tr","p":{"a":0,"k":[30.124,30.13],"ix":2},"a":{"a":0,"k":[0,0],"ix":1},"s":{"a":0,"k":[100,100],"ix":3},"r":{"a":0,"k":0,"ix":6},"o":{"a":0,"k":100,"ix":7},"sk":{"a":0,"k":0,"ix":4},"sa":{"a":0,"k":0,"ix":5},"nm":"Transform"}],"nm":"Group 1","np":2,"cix":2,"bm":0,"ix":1,"mn":"ADBE Vector Group","hd":false},{"ty":"tr","p":{"a":0,"k":[675.572,312.312],"ix":2},"a":{"a":0,"k":[61,0],"ix":1},"s":{"a":1,"k":[{"i":{"x":[0.062,0.062],"y":[1,1]},"o":{"x":[0.333,0.333],"y":[0,0]},"t":3,"s":[0,0],"e":[100,100]},{"i":{"x":[0.667,0.667],"y":[1,1]},"o":{"x":[0.975,0.975],"y":[0,0]},"t":35,"s":[100,100],"e":[0,0]},{"t":71}],"ix":3},"r":{"a":0,"k":-12.038,"ix":6},"o":{"a":0,"k":100,"ix":7},"sk":{"a":0,"k":0,"ix":4},"sa":{"a":0,"k":0,"ix":5},"nm":"Transform"}],"nm":"Layer 53 Outlines","np":1,"cix":2,"bm":0,"ix":52,"mn":"ADBE Vector Group","hd":false},{"ty":"gr","it":[{"ty":"gr","it":[{"ind":0,"ty":"sh","ix":1,"ks":{"a":0,"k":{"i":[[0,-19.52],[19.515,0],[0,19.505],[-19.52,0]],"o":[[0,19.505],[-19.52,0],[0,-19.52],[19.515,0]],"v":[[35.34,0.015],[-0.008,35.342],[-35.34,0.015],[-0.008,-35.342]],"c":true},"ix":2},"nm":"Path 1","mn":"ADBE Vector Shape - Group","hd":false},{"ty":"fl","c":{"a":0,"k":[1,1,1,1],"ix":4},"o":{"a":0,"k":100,"ix":5},"r":1,"bm":0,"nm":"Fill 1","mn":"ADBE Vector Graphic - Fill","hd":false},{"ty":"tr","p":{"a":0,"k":[35.59,35.592],"ix":2},"a":{"a":0,"k":[0,0],"ix":1},"s":{"a":0,"k":[100,100],"ix":3},"r":{"a":0,"k":0,"ix":6},"o":{"a":0,"k":100,"ix":7},"sk":{"a":0,"k":0,"ix":4},"sa":{"a":0,"k":0,"ix":5},"nm":"Transform"}],"nm":"Group 1","np":2,"cix":2,"bm":0,"ix":1,"mn":"ADBE Vector Group","hd":false},{"ty":"tr","p":{"a":0,"k":[673.365,209.599],"ix":2},"a":{"a":0,"k":[72,0],"ix":1},"s":{"a":1,"k":[{"i":{"x":[0.062,0.062],"y":[1,1]},"o":{"x":[0.333,0.333],"y":[0,0]},"t":2,"s":[0,0],"e":[100,100]},{"i":{"x":[0.667,0.667],"y":[1,1]},"o":{"x":[0.975,0.975],"y":[0,0]},"t":34,"s":[100,100],"e":[0,0]},{"t":70}],"ix":3},"r":{"a":0,"k":-12.038,"ix":6},"o":{"a":0,"k":100,"ix":7},"sk":{"a":0,"k":0,"ix":4},"sa":{"a":0,"k":0,"ix":5},"nm":"Transform"}],"nm":"Layer 54 Outlines","np":1,"cix":2,"bm":0,"ix":53,"mn":"ADBE Vector Group","hd":false},{"ty":"gr","it":[{"ty":"gr","it":[{"ind":0,"ty":"sh","ix":1,"ks":{"a":0,"k":{"i":[[0,-23.055],[23.023,0],[0,23.044],[-23.055,0]],"o":[[0,23.044],[-23.055,0],[0,-23.055],[23.023,0]],"v":[[41.717,0.01],[0.026,41.723],[-41.717,0.01],[0.026,-41.723]],"c":true},"ix":2},"nm":"Path 1","mn":"ADBE Vector Shape - Group","hd":false},{"ty":"fl","c":{"a":0,"k":[1,1,1,1],"ix":4},"o":{"a":0,"k":100,"ix":5},"r":1,"bm":0,"nm":"Fill 1","mn":"ADBE Vector Graphic - Fill","hd":false},{"ty":"tr","p":{"a":0,"k":[41.967,41.973],"ix":2},"a":{"a":0,"k":[0,0],"ix":1},"s":{"a":0,"k":[100,100],"ix":3},"r":{"a":0,"k":0,"ix":6},"o":{"a":0,"k":100,"ix":7},"sk":{"a":0,"k":0,"ix":4},"sa":{"a":0,"k":0,"ix":5},"nm":"Transform"}],"nm":"Group 1","np":2,"cix":2,"bm":0,"ix":1,"mn":"ADBE Vector Group","hd":false},{"ty":"tr","p":{"a":0,"k":[645.435,93.698],"ix":2},"a":{"a":0,"k":[84,0],"ix":1},"s":{"a":1,"k":[{"i":{"x":[0.062,0.062],"y":[1,1]},"o":{"x":[0.333,0.333],"y":[0,0]},"t":1,"s":[0,0],"e":[100,100]},{"i":{"x":[0.667,0.667],"y":[1,1]},"o":{"x":[0.975,0.975],"y":[0,0]},"t":33,"s":[100,100],"e":[0,0]},{"t":69}],"ix":3},"r":{"a":0,"k":-12.038,"ix":6},"o":{"a":0,"k":100,"ix":7},"sk":{"a":0,"k":0,"ix":4},"sa":{"a":0,"k":0,"ix":5},"nm":"Transform"}],"nm":"Layer 55 Outlines","np":1,"cix":2,"bm":0,"ix":54,"mn":"ADBE Vector Group","hd":false}],"ip":2,"op":83,"st":0,"bm":0}],"markers":[]}
